מקט,ספק, RGB, HEX,תיאור
RAL 1000,RAL,190-189-127,#BEBD7F,Green beige
RAL 1001,RAL,194-176-120,#C2B078,Beige
RAL 1002,RAL,198-166-100,#C6A664,Sand yellow
RAL 1003,RAL,229-190-001,#E5BE01,Signal yellow
RAL 1004,RAL,205-164-052,#CDA434,Golden yellow
RAL 1005,RAL,169-131-007,#A98307,Honey yellow
RAL 1006,RAL,228-160-016,#E4A010,Maize yellow
RAL 1007,RAL,220-156-000,#DC9D00,Daffodil yellow
RAL 1011,RAL,138-102-066,#8A6642,Brown beige
RAL 1012,RAL,199-180-070,#C7B446,Lemon yellow
RAL 1013,RAL,234-230-202,#EAE6CA,Oyster white
RAL 1014,RAL,225-204-079,#E1CC4F,Ivory
RAL 1015,RAL,230-214-144,#E6D690,Light ivory
RAL 1016,RAL,237-255-033,#EDFF21,Sulfur yellow
RAL 1017,RAL,245-208-051,#F5D033,Saffron yellow
RAL 1018,RAL,248-243-053,#F8F32B,Zinc yellow
RAL 1019,RAL,158-151-100,#9E9764,Grey beige
RAL 1020,RAL,153-153-080,#999950,Olive yellow
RAL 1021,RAL,243-218-011,#F3DA0B,Rape yellow
RAL 1023,RAL,250-210-001,#FAD201,Traffic yellow
RAL 1024,RAL,174-160-075,#AEA04B,Ochre yellow
RAL 1026,RAL,255-255-000,#FFFF00,Luminous yellow
RAL 1027,RAL,157-145-001,#9D9101,Curry
RAL 1028,RAL,244-169-000,#F4A900,Melon yellow
RAL 1032,RAL,214-174-001,#D6AE01,Broom yellow
RAL 1033,RAL,243-165-005,#F3A505,Dahlia yellow
RAL 1034,RAL,239-169-074,#EFA94A,Pastel yellow
RAL 1035,RAL,106-093-077,#6A5D4D,Pearl beige
RAL 1036,RAL,112-083-053,#705335,Pearl gold
RAL 1037,RAL,243-159-024,#F39F18,Sun yellow
RAL 2000,RAL,237-118-014,#ED760E,Yellow orange
RAL 2001,RAL,201-060-032,#C93C20,Red orange
RAL 2002,RAL,203-040-033,#CB2821,Vermilion
RAL 2003,RAL,255-117-020,#FF7514,Pastel orange
RAL 2004,RAL,244-070-017,#F44611,Pure orange
RAL 2005,RAL,255-035-001,#FF2301,Luminous orange
RAL 2007,RAL,255-164-032,#FFA420,Luminous bright orange
RAL 2008,RAL,247-094-037,#F75E25,Bright red orange
RAL 2009,RAL,245-064-033,#F54021,Traffic orange
RAL 2010,RAL,216-075-032,#D84B20,Signal orange
RAL 2011,RAL,236-124-038,#EC7C26,Deep orange
RAL 2012,RAL,235-106-014,#E55137,Salmon range
RAL 2013,RAL,195-088-049,#C35831,Pearl orange
RAL 3000,RAL,175-043-030,#AF2B1E,Flame red
RAL 3001,RAL,165-032-025,#A52019,Signal red
RAL 3002,RAL,162-035-029,#A2231D,Carmine red
RAL 3003,RAL,155-017-030,#9B111E,Ruby red
RAL 3004,RAL,117-021-030,#75151E,Purple red
RAL 3005,RAL,094-033-041,#5E2129,Wine red
RAL 3007,RAL,065-034-039,#412227,Black red
RAL 3009,RAL,100-036-036,#642424,Oxide red
RAL 3011,RAL,120-031-025,#781F19,Brown red
RAL 3012,RAL,193-135-107,#C1876B,Beige red
RAL 3013,RAL,161-035-018,#A12312,Tomato red
RAL 3014,RAL,211-110-112,#D36E70,Antique pink
RAL 3015,RAL,234-137-154,#EA899A,Light pink
RAL 3016,RAL,179-040-033,#B32821,Coral red
RAL 3017,RAL,230-050-068,#E63244,Rose
RAL 3018,RAL,213-048-050,#D53032,Strawberry red
RAL 3020,RAL,204-006-005,#CC0605,Traffic red
RAL 3022,RAL,217-080-048,#D95030,Salmon pink
RAL 3024,RAL,248-000-000,#F80000,Luminous red
RAL 3026,RAL,254-000-000,#FE0000,Luminous bright red
RAL 3027,RAL,197-029-052,#C51D34,Raspberry red
RAL 3028,RAL,203-050-052,#CB3234,Pure  red
RAL 3031,RAL,179-036-040,#B32428,Orient red
RAL 3032,RAL,114-020-034,#721422,Pearl ruby red
RAL 3033,RAL,180-076-067,#B44C43,Pearl pink
RAL 4001,RAL,109-063-091,#6D3F5B,Red lilac
RAL 4002,RAL,146-043-062,#922B3E,Red violet
RAL 4003,RAL,222-076-138,#DE4C8A,Heather violet
RAL 4004,RAL,110-028-052,#641C34,Claret violet
RAL 4005,RAL,108-070-117,#6C4675,Blue lilac
RAL 4006,RAL,160-052-114,#A03472,Traffic purple
RAL 4007,RAL,074-025-044,#4A192C,Purple violet
RAL 4008,RAL,144-070-132,#924E7D,Signal violet
RAL 4009,RAL,164-125-144,#A18594,Pastel violet
RAL 4010,RAL,215-045-109,#CF3476,Telemagenta
RAL 4011,RAL,134-115-161,#8673A1,Pearl violet
RAL 4012,RAL,108-104-129,#6C6874,Pearl black berry
RAL 5000,RAL,042-046-075,#354D73,Violet blue
RAL 5001,RAL,031-052-056,#1F3438,Green blue
RAL 5002,RAL,032-033-079,#20214F,Ultramarine blue
RAL 5003,RAL,029-030-051,#1D1E33,Saphire blue
RAL 5004,RAL,024-023-028,#18171C,Black blue
RAL 5005,RAL,030-045-110,#1E2460,Signal blue
RAL 5007,RAL,062-095-138,#3E5F8A,Brillant blue
RAL 5008,RAL,038-037-045,#26252D,Grey blue
RAL 5009,RAL,002-086-105,#025669,Azure blue
RAL 5010,RAL,014-041-075,#0E294B,Gentian blue
RAL 5011,RAL,035-026-036,#231A24,Steel blue
RAL 5012,RAL,059-131-189,#3B83BD,Light blue
RAL 5013,RAL,037-041-074,#1E213D,Cobalt blue
RAL 5014,RAL,096-111-140,#606E8C,Pigeon blue
RAL 5015,RAL,034-113-179,#2271B3,Sky blue
RAL 5017,RAL,006-057-113,#063971,Traffic blue
RAL 5018,RAL,063-136-143,#3F888F,Turquoise blue
RAL 5019,RAL,027-085-131,#1B5583,Capri blue
RAL 5020,RAL,029-051-074,#1D334A,Ocean blue
RAL 5021,RAL,037-109-123,#256D7B,Water blue
RAL 5022,RAL,037-040-080,#252850,Night blue
RAL 5023,RAL,073-103-141,#49678D,Distant blue
RAL 5024,RAL,093-155-155,#5D9B9B,Pastel blue
RAL 5025,RAL,042-100-120,#2A6478,Pearl gentian blue
RAL 5026,RAL,016-044-084,#102C54,Pearl night blue
RAL 6000,RAL,049-102-080,#316650,Patina green
RAL 6001,RAL,040-114-051,#287233,Emerald green
RAL 6002,RAL,045-087-044,#2D572C,Leaf green
RAL 6003,RAL,066-070-050,#424632,Olive green
RAL 6004,RAL,031-058-061,#1F3A3D,Blue green
RAL 6005,RAL,047-069-056,#2F4538,Moss green
RAL 6006,RAL,062-059-050,#3E3B32,Grey olive
RAL 6007,RAL,052-059-041,#343B29,Bottle green
RAL 6008,RAL,057-053-042,#39352A,Brown green
RAL 6009,RAL,049-055-043,#31372B,Fir green
RAL 6010,RAL,053-104-045,#35682D,Grass green
RAL 6011,RAL,088-114-070,#587246,Reseda green
RAL 6012,RAL,052-062-064,#343E40,Black green
RAL 6013,RAL,108-113-086,#6C7156,Reed green
RAL 6014,RAL,071-064-046,#47402E,Yellow olive
RAL 6015,RAL,059-060-054,#3B3C36,Black olive
RAL 6016,RAL,030-089-069,#1E5945,Turquoise green
RAL 6017,RAL,076-145-065,#4C9141,May green
RAL 6018,RAL,087-166-057,#57A639,Yellow green
RAL 6019,RAL,189-236-182,#BDECB6,Pastel green
RAL 6020,RAL,046-058-035,#2E3A23,Chrome green
RAL 6021,RAL,137-172-118,#89AC76,Pale green
RAL 6022,RAL,037-034-027,#25221B,Olive drab
RAL 6024,RAL,048-132-070,#308446,Traffic green
RAL 6025,RAL,061-100-045,#3D642D,Fern green
RAL 6026,RAL,001-093-082,#015D52,Opal green
RAL 6027,RAL,132-195-190,#84C3BE,Light green
RAL 6028,RAL,044-085-069,#2C5545,Pine green
RAL 6029,RAL,032-096-061,#20603D,Mint green
RAL 6032,RAL,049-127-067,#317F43,Signal green
RAL 6033,RAL,073-126-118,#497E76,Mint turquoise
RAL 6034,RAL,127-181-181,#7FB5B5,Pastel turquoise
RAL 6035,RAL,028-084-045,#1C542D,Pearl green
RAL 6036,RAL,022-053-055,#193737,Pearl opal green
RAL 6037,RAL,000-143-057,#008F39,Pure green
RAL 6038,RAL,000-187-045,#00BB2D,Luminous green
RAL 7000,RAL,120-133-139,#78858B,Squirrel grey
RAL 7001,RAL,138-149-151,#8A9597,Silver grey
RAL 7002,RAL,126-123-082,#7E7B52,Olive grey
RAL 7003,RAL,108-112-089,#6C7059,Moss grey
RAL 7004,RAL,150-153-146,#969992,Signal grey
RAL 7005,RAL,100-107-099,#646B63,Mouse grey
RAL 7006,RAL,109-101-082,#6D6552,Beige grey
RAL 7008,RAL,106-095-049,#6A5F31,Khaki grey
RAL 7009,RAL,077-086-069,#4D5645,Green grey
RAL 7010,RAL,076-081-074,#4C514A,Tarpaulin grey
RAL 7011,RAL,067-075-077,#434B4D,Iron grey
RAL 7012,RAL,078-087-084,#4E5754,Basalt grey
RAL 7013,RAL,070-069-049,#464531,Brown grey
RAL 7015,RAL,067-071-080,#434750,Slate grey
RAL 7016,RAL,041-049-051,#293133,Anthracite grey
RAL 7021,RAL,035-040-043,#23282B,Black grey
RAL 7022,RAL,051-047-044,#332F2C,Umbra grey
RAL 7023,RAL,104-108-094,#686C5E,Concrete grey
RAL 7024,RAL,071-074-081,#474A51,Graphite grey
RAL 7026,RAL,047-053-059,#2F353B,Granite grey
RAL 7030,RAL,139-140-122,#8B8C7A,Stone grey
RAL 7031,RAL,071-075-078,#474B4E,Blue grey
RAL 7032,RAL,184-183-153,#B8B799,Pebble grey
RAL 7033,RAL,125-132-113,#7D8471,Cement grey
RAL 7034,RAL,143-139-102,#8F8B66,Yellow grey
RAL 7035,RAL,203-208-204,#CBD0CC,Light grey
RAL 7036,RAL,127-118-121,#7F7679,Platinum grey
RAL 7037,RAL,125-127-120,#7D7F7D,Dusty grey
RAL 7038,RAL,195-195-195,#B5B8B1,Agate grey
RAL 7039,RAL,108-105-096,#6C6960,Quartz grey
RAL 7040,RAL,157-161-170,#9DA1AA,Window grey
RAL 7042,RAL,141-148-141,#8D948D,Traffic grey A
RAL 7043,RAL,078-084-082,#4E5452,Traffic grey B
RAL 7044,RAL,202-196-176,#CAC4B0,Silk grey
RAL 7045,RAL,144-144-144,#909090,Telegrey 1
RAL 7046,RAL,130-137-143,#82898F,Telegrey 2
RAL 7047,RAL,208-208-208,#D0D0D0,Telegrey 4
RAL 7048,RAL,137-129-118,#898176,Pearl mouse grey
RAL 8000,RAL,130-108-052,#826C34,Green brown
RAL 8001,RAL,149-095-032,#955F20,Ochre brown
RAL 8002,RAL,108-059-042,#6C3B2A,Signal brown
RAL 8003,RAL,115-066-034,#734222,Clay brown
RAL 8004,RAL,142-064-042,#8E402A,Copper brown
RAL 8007,RAL,089-053-031,#59351F,Fawn brown
RAL 8008,RAL,111-079-040,#6F4F28,Olive brown
RAL 8011,RAL,091-058-041,#5B3A29,Nut brown
RAL 8012,RAL,089-035-033,#592321,Red brown
RAL 8014,RAL,056-044-030,#382C1E,Sepia brown
RAL 8015,RAL,099-058-052,#633A34,Chestnut brown
RAL 8016,RAL,076-047-039,#4C2F27,Mahogany brown
RAL 8017,RAL,069-050-046,#45322E,Chocolate brown
RAL 8019,RAL,064-058-058,#403A3A,Grey brown
RAL 8022,RAL,033-033-033,#212121,Black brown
RAL 8023,RAL,166-094-046,#A65E2E,Orange brown
RAL 8024,RAL,121-085-061,#79553D,Beige brown
RAL 8025,RAL,117-092-072,#755C48,Pale brown
RAL 8028,RAL,078-059-049,#4E3B31,Terra brown
RAL 8029,RAL,118-060-040,#763C28,Pearl copper
RAL 9001,RAL,250-244-227,#FDF4E3,Cream
RAL 9002,RAL,231-235-218,#E7EBDA,Grey white
RAL 9003,RAL,244-244-244,#F4F4F4,Signal white
RAL 9004,RAL,040-040-040,#282828,Signal black
RAL 9005,RAL,010-010-013,#0A0A0A,Jet black
RAL 9006,RAL,165-165-165,#A5A5A5,White aluminium
RAL 9007,RAL,143-143-143,#8F8F8F,Grey aluminium
RAL 9010,RAL,255-255-255,#FFFFFF,Pure white
RAL 9011,RAL,028-028-028,#1C1C1C,Graphite black
RAL 9016,RAL,246-246-246,#F6F6F6,Traffic white
RAL 9017,RAL,030-030-030,#1E1E1E,Traffic black
RAL 9018,RAL,207-211-205,#CFD3CD,Papyrus white
RAL 9022,RAL,156-156-156,#9C9C9C,Pearl light grey
RAL 9023,RAL,130-130-130,#828282,Pearl dark grey
N2_N194_600,NCS,-,#969694,אפור בהיר מבריק
N4_N295,NCS,,#717376,אפור סגול מט
YAD1954_600,NCS,,#bbb697,מוקה מבריק
0300-N,NCS,,#f7f7f7,
0500-N,NCS,,#f2f2f2,
0502-B,NCS,,#f5fbff,
0502-B50G,NCS,,#f7fffe,
0502-G,NCS,,#f4fff8,
0502-G50Y,NCS,,#fdfff6,
0502-R,NCS,,#fff1f2,
0502-R50B,NCS,,#fef6fd,
0502-Y,NCS,,#fffdf6,
0502-Y50R,NCS,,#fef8f4,
0505-B,NCS,,#e8f6fe,
0505-B20G,NCS,,#eafbff,
0505-B50G,NCS,,#ecfffe,
0505-B80G,NCS,,#eafffa,
0505-G,NCS,,#e4ffef,
0505-G10Y,NCS,,#ecffec,
0505-G20Y,NCS,,#f1ffeb,
0505-G30Y,NCS,,#f4ffea,
0505-G40Y,NCS,,#f7ffe9,
0505-G50Y,NCS,,#faffea,
0505-G60Y,NCS,,#fcffeb,
0505-G70Y,NCS,,#feffeb,
0505-G80Y,NCS,,#fffeec,
0505-G90Y,NCS,,#fefdeb,
0505-R,NCS,,#ffdee0,
0505-R10B,NCS,,#ffdfe3,
0505-R20B,NCS,,#ffe1e7,
0505-R30B,NCS,,#ffe3ec,
0505-R40B,NCS,,#fee6f2,
0505-R50B,NCS,,#ffeafb,
0505-R60B,NCS,,#f8e9fe,
0505-R70B,NCS,,#f0e8ff,
0505-R80B,NCS,,#e1e6ff,
0505-R90B,NCS,,#e3ecfe,
0505-Y,NCS,,#fffbea,
0505-Y10R,NCS,,#fffaea,
0505-Y20R,NCS,,#fff7e9,
0505-Y30R,NCS,,#fff5e8,
0505-Y40R,NCS,,#fff3e6,
0505-Y50R,NCS,,#fff0e5,
0505-Y60R,NCS,,#feede4,
0505-Y70R,NCS,,#ffe9e2,
0505-Y80R,NCS,,#fee5e0,
0505-Y90R,NCS,,#ffe2e0,
0507-B,NCS,,#dff3ff,
0507-B20G,NCS,,#e3faff,
0507-B80G,NCS,,#e2fff8,
0507-G,NCS,,#dbffe9,
0507-G40Y,NCS,,#f4ffe0,
0507-G80Y,NCS,,#fffee4,
0507-R,NCS,,#ffd2d5,
0507-R20B,NCS,,#ffd6de,
0507-R40B,NCS,,#ffddee,
0507-R60B,NCS,,#f5e0ff,
0507-R80B,NCS,,#d6ddff,
0507-Y,NCS,,#fffae3,
0507-Y20R,NCS,,#fff5e0,
0507-Y40R,NCS,,#ffeedd,
0507-Y60R,NCS,,#ffe6da,
0507-Y80R,NCS,,#fedcd5,
0510-B,NCS,,#d3eeff,
0510-B10G,NCS,,#d6f4ff,
0510-B30G,NCS,,#d9fbff,
0510-B50G,NCS,,#dafffd,
0510-B70G,NCS,,#d8fef9,
0510-B90G,NCS,,#d1ffea,
0510-G,NCS,,#cdffe0,
0510-G10Y,NCS,,#dbffdc,
0510-G20Y,NCS,,#e4ffd9,
0510-G30Y,NCS,,#ebffd6,
0510-G40Y,NCS,,#f0ffd4,
0510-G50Y,NCS,,#f5ffd6,
0510-G60Y,NCS,,#f9ffd8,
0510-G70Y,NCS,,#fdffd9,
0510-G80Y,NCS,,#fffdda,
0510-G90Y,NCS,,#fefbd8,
0510-R,NCS,,#ffc2c6,
0510-R10B,NCS,,#ffc4cb,
0510-R20B,NCS,,#ffc7d2,
0510-R30B,NCS,,#ffcbdb,
0510-R40B,NCS,,#ffd0e7,
0510-R50B,NCS,,#ffd7f7,
0510-R60B,NCS,,#f1d4ff,
0510-R70B,NCS,,#e3d4ff,
0510-R80B,NCS,,#c6d1ff,
0510-R90B,NCS,,#cbdcff,
0510-Y,NCS,,#fff9d8,
0510-Y10R,NCS,,#fff5d6,
0510-Y20R,NCS,,#fff1d4,
0510-Y30R,NCS,,#ffedd2,
0510-Y40R,NCS,,#ffe8d0,
0510-Y50R,NCS,,#ffe3ce,
0510-Y60R,NCS,,#ffddcc,
0510-Y70R,NCS,,#fed7c9,
0510-Y80R,NCS,,#ffd0c6,
0510-Y90R,NCS,,#ffc9c5,
0515-B,NCS,,#c0e7ff,
0515-B20G,NCS,,#c5f5fe,
0515-B50G,NCS,,#c8fffd,
0515-B80G,NCS,,#c4fff1,
0515-G,NCS,,#b8ffd4,
0515-G20Y,NCS,,#d8ffc8,
0515-G40Y,NCS,,#eaffc1,
0515-G60Y,NCS,,#f7fec6,
0515-G80Y,NCS,,#fffdc8,
0515-G90Y,NCS,,#fff9c7,
0515-R,NCS,,#feaaaf,
0515-R10B,NCS,,#feadb7,
0515-R20B,NCS,,#feb1c0,
0515-R40B,NCS,,#ffbcdd,
0515-R60B,NCS,,#ebc1ff,
0515-R80B,NCS,,#b0befe,
0515-R90B,NCS,,#b6ceff,
0515-Y,NCS,,#fff6c6,
0515-Y10R,NCS,,#fff1c4,
0515-Y20R,NCS,,#ffebc1,
0515-Y30R,NCS,,#ffe5bf,
0515-Y40R,NCS,,#ffdebc,
0515-Y50R,NCS,,#ffd7b9,
0515-Y60R,NCS,,#ffcfb6,
0515-Y70R,NCS,,#ffc6b3,
0515-Y80R,NCS,,#ffbdaf,
0515-Y90R,NCS,,#ffb4ae,
0520-B,NCS,,#aee0ff,
0520-B10G,NCS,,#b2ebff,
0520-B30G,NCS,,#b6f8ff,
0520-B40G,NCS,,#b8fcff,
0520-B50G,NCS,,#b8fffc,
0520-B60G,NCS,,#b7fff8,
0520-B70G,NCS,,#b5fff4,
0520-B90G,NCS,,#abffd9,
0520-G,NCS,,#a5ffc8,
0520-G10Y,NCS,,#bdffc0,
0520-G20Y,NCS,,#cdffb9,
0520-G30Y,NCS,,#daffb4,
0520-G40Y,NCS,,#e4ffb0,
0520-G50Y,NCS,,#edffb3,
0520-G60Y,NCS,,#f4feb5,
0520-G70Y,NCS,,#fbffb8,
0520-G80Y,NCS,,#fffcb8,
0520-G90Y,NCS,,#fff7b6,
0520-R,NCS,,#ff959c,
0520-R10B,NCS,,#ff98a5,
0520-R20B,NCS,,#ff9cb0,
0520-R30B,NCS,,#ffa2c0,
0520-R40B,NCS,,#ffa9d4,
0520-R50B,NCS,,#ffb4f0,
0520-R60B,NCS,,#e5b0ff,
0520-R70B,NCS,,#cbb0ff,
0520-R80B,NCS,,#9caeff,
0520-R90B,NCS,,#a3c1ff,
0520-Y,NCS,,#fff3b5,
0520-Y10R,NCS,,#feedb2,
0520-Y20R,NCS,,#ffe5b0,
0520-Y30R,NCS,,#ffddad,
0520-Y40R,NCS,,#ffd5aa,
0520-Y50R,NCS,,#ffcca7,
0520-Y60R,NCS,,#ffc2a3,
0520-Y70R,NCS,,#ffb89f,
0520-Y80R,NCS,,#ffac9b,
0520-Y90R,NCS,,#ffa19b,
0525-R60B,NCS,,#e09ffe,
0525-R70B,NCS,,#c1a0ff,
0530-B,NCS,,#8ed4ff,
0530-B10G,NCS,,#92e3ff,
0530-B30G,NCS,,#98f5ff,
0530-B40G,NCS,,#9afcff,
0530-B50G,NCS,,#9afffb,
0530-B60G,NCS,,#98fff5,
0530-B70G,NCS,,#96ffef,
0530-B90G,NCS,,#8bffcb,
0530-G,NCS,,#84ffb4,
0530-G10Y,NCS,,#a3ffa7,
0530-G20Y,NCS,,#baff9e,
0530-G30Y,NCS,,#cbff96,
0530-G40Y,NCS,,#dafe90,
0530-G50Y,NCS,,#e6ff93,
0530-G60Y,NCS,,#f0fe96,
0530-G70Y,NCS,,#f9fe99,
0530-G80Y,NCS,,#fefb9a,
0530-G90Y,NCS,,#fef598,
0530-R,NCS,,#ff737c,
0530-R10B,NCS,,#ff7687,
0530-R20B,NCS,,#fe7b95,
0530-R30B,NCS,,#ff81a9,
0530-R40B,NCS,,#fe89c4,
0530-R50B,NCS,,#ff95ea,
0530-R80B,NCS,,#7a92ff,
0530-R90B,NCS,,#81aaff,
0530-Y,NCS,,#ffef96,
0530-Y10R,NCS,,#fee593,
0530-Y20R,NCS,,#ffdb90,
0530-Y30R,NCS,,#ffd08d,
0530-Y40R,NCS,,#fec589,
0530-Y50R,NCS,,#feb986,
0530-Y60R,NCS,,#feac82,
0530-Y70R,NCS,,#ff9f7e,
0530-Y80R,NCS,,#ff9079,
0530-Y90R,NCS,,#ff8279,
0540-B,NCS,,#72caff,
0540-B10G,NCS,,#76dcff,
0540-B30G,NCS,,#7cf2ff,
0540-G,NCS,,#68ffa3,
0540-G10Y,NCS,,#8eff93,
0540-G20Y,NCS,,#a9ff86,
0540-G30Y,NCS,,#bfff7c,
0540-G40Y,NCS,,#d0ff74,
0540-G50Y,NCS,,#dfff77,
0540-G60Y,NCS,,#ecff7a,
0540-G70Y,NCS,,#f8fe7d,
0540-G80Y,NCS,,#fffa7e,
0540-G90Y,NCS,,#fff27c,
0540-R,NCS,,#ff5863,
0540-R10B,NCS,,#ff5b6f,
0540-R20B,NCS,,#ff5f7f,
0540-R30B,NCS,,#ff6596,
0540-R90B,NCS,,#6598ff,
0540-Y,NCS,,#ffeb7a,
0540-Y10R,NCS,,#ffdf77,
0540-Y20R,NCS,,#ffd274,
0540-Y30R,NCS,,#ffc571,
0540-Y40R,NCS,,#ffb76d,
0540-Y50R,NCS,,#ffa96a,
0540-Y60R,NCS,,#fe9a66,
0540-Y70R,NCS,,#ff8a62,
0540-Y80R,NCS,,#ff7a5e,
0540-Y90R,NCS,,#ff695f,
0550-G10Y,NCS,,#7bff81,
0550-G20Y,NCS,,#9aff71,
0550-G30Y,NCS,,#b3ff65,
0550-G40Y,NCS,,#c8ff5b,
0550-G50Y,NCS,,#daff5e,
0550-G60Y,NCS,,#e8ff61,
0550-G70Y,NCS,,#f7ff64,
0550-G80Y,NCS,,#fffa65,
0550-G90Y,NCS,,#ffef62,
0550-R,NCS,,#ff424e,
0550-R10B,NCS,,#ff455b,
0550-Y,NCS,,#ffe761,
0550-Y10R,NCS,,#ffd95e,
0550-Y20R,NCS,,#ffca5b,
0550-Y30R,NCS,,#ffbb58,
0550-Y40R,NCS,,#ffab55,
0550-Y50R,NCS,,#ff9b52,
0550-Y60R,NCS,,#ff8a4e,
0550-Y70R,NCS,,#fe794b,
0550-Y80R,NCS,,#ff6747,
0550-Y90R,NCS,,#ff5549,
0560-G10Y,NCS,,#6bff71,
0560-G20Y,NCS,,#8eff5f,
0560-G30Y,NCS,,#a9ff51,
0560-G40Y,NCS,,#c0ff45,
0560-G50Y,NCS,,#d4ff47,
0560-G60Y,NCS,,#e5ff4a,
0560-G70Y,NCS,,#f6ff4d,
0560-G80Y,NCS,,#fff94d,
0560-G90Y,NCS,,#ffed4b,
0560-R,NCS,,#ff303e,
0560-Y,NCS,,#fee34a,
0560-Y10R,NCS,,#ffd347,
0560-Y20R,NCS,,#ffc345,
0560-Y30R,NCS,,#ffb242,
0560-Y40R,NCS,,#ffa140,
0560-Y50R,NCS,,#fe8f3d,
0560-Y60R,NCS,,#ff7d3a,
0560-Y70R,NCS,,#ff6a37,
0560-Y80R,NCS,,#ff5734,
0560-Y90R,NCS,,#ff4437,
0565-G10Y,NCS,,#63ff6a,
0565-G50Y,NCS,,#d2ff3d,
0565-R,NCS,,#ff2836,
0570-G20Y,NCS,,#82ff4f,
0570-G30Y,NCS,,#a1ff3f,
0570-G40Y,NCS,,#baff31,
0570-G60Y,NCS,,#e2ff35,
0570-G70Y,NCS,,#f4ff37,
0570-G80Y,NCS,,#fff837,
0570-G90Y,NCS,,#ffeb36,
0570-Y,NCS,,#ffe035,
0570-Y10R,NCS,,#ffcf33,
0570-Y20R,NCS,,#ffbd31,
0570-Y30R,NCS,,#feaa2f,
0570-Y40R,NCS,,#fe982d,
0570-Y50R,NCS,,#ff852b,
0570-Y60R,NCS,,#ff7128,
0570-Y70R,NCS,,#ff5e26,
0570-Y80R,NCS,,#fe4a24,
0570-Y90R,NCS,,#fe3628,
0575-G20Y,NCS,,#7dff48,
0575-G40Y,NCS,,#b7ff28,
0575-G60Y,NCS,,#e1ff2b,
0575-G70Y,NCS,,#f4ff2d,
0575-G90Y,NCS,,#ffea2c,
0580-G30Y,NCS,,#99ff2e,
0580-Y,NCS,,#ffdd22,
0580-Y10R,NCS,,#ffca20,
0580-Y20R,NCS,,#feb71f,
0580-Y30R,NCS,,#ffa31d,
0580-Y40R,NCS,,#ff901c,
0580-Y50R,NCS,,#ff7b1b,
0580-Y60R,NCS,,#ff6719,
0580-Y70R,NCS,,#ff5318,
0580-Y80R,NCS,,#ff3e16,
0580-Y90R,NCS,,#ff2a1b,
0585-Y20R,NCS,,#ffb416,
0585-Y30R,NCS,,#ffa015,
0585-Y40R,NCS,,#fe8c14,
0585-Y50R,NCS,,#ff7713,
0585-Y60R,NCS,,#ff6212,
0585-Y70R,NCS,,#ff4e11,
0585-Y80R,NCS,,#ff3910,
0603-G40Y,NCS,,#f7fcef,
0603-G80Y,NCS,,#fcfbf0,
0603-R20B,NCS,,#fceaed,
0603-R40B,NCS,,#fcedf4,
0603-R60B,NCS,,#f8effc,
0603-R80B,NCS,,#e9edfc,
0603-Y20R,NCS,,#fcf8ef,
0603-Y40R,NCS,,#fcf5ed,
0603-Y60R,NCS,,#fcf1eb,
0603-Y80R,NCS,,#fcede9,
0804-B50G,NCS,,#e8f6f6,
0804-G20Y,NCS,,#ecf6e7,
0804-G60Y,NCS,,#f4f6e7,
0804-G90Y,NCS,,#f6f5e7,
0804-R10B,NCS,,#f6dee1,
0804-R30B,NCS,,#f6e1e8,
0804-R50B,NCS,,#f6e7f3,
0804-R70B,NCS,,#ebe5f6,
0804-R90B,NCS,,#e1e8f6,
0804-Y10R,NCS,,#f6f3e6,
0804-Y30R,NCS,,#f6efe5,
0804-Y50R,NCS,,#f6ebe3,
0804-Y70R,NCS,,#f6e6e0,
0804-Y90R,NCS,,#f6e0de,
0907-B20G,NCS,,#d9eff4,
0907-B80G,NCS,,#d8f4ee,
0907-G20Y,NCS,,#e1f4da,
0907-G60Y,NCS,,#f0f4d9,
0907-G90Y,NCS,,#f4f1da,
0907-R10B,NCS,,#f4cbd0,
0907-R30B,NCS,,#f4d0db,
0907-R50B,NCS,,#f4d9ef,
0907-R70B,NCS,,#e0d6f4,
0907-R90B,NCS,,#d0dcf4,
0907-Y10R,NCS,,#f4edd8,
0907-Y30R,NCS,,#f4e8d5,
0907-Y50R,NCS,,#f4e1d2,
0907-Y70R,NCS,,#f4d8cf,
0907-Y90R,NCS,,#f4cecc,
1000-N,NCS,,#e5e5e5,
1002-B,NCS,,#e8eef1,
1002-B50G,NCS,,#eaf1f1,
1002-G,NCS,,#e7f1eb,
1002-G50Y,NCS,,#eff1e9,
1002-R,NCS,,#f1e4e5,
1002-R50B,NCS,,#f1e9f0,
1002-Y,NCS,,#f1f0e9,
1002-Y50R,NCS,,#f1ebe7,
1005-B,NCS,,#dce9f1,
1005-B20G,NCS,,#deeef1,
1005-B50G,NCS,,#dff1f1,
1005-B80G,NCS,,#ddf1ed,
1005-G,NCS,,#d8f1e2,
1005-G10Y,NCS,,#dff1e0,
1005-G20Y,NCS,,#e4f1de,
1005-G30Y,NCS,,#e7f1dd,
1005-G40Y,NCS,,#eaf1dc,
1005-G50Y,NCS,,#edf1dd,
1005-G60Y,NCS,,#eef1de,
1005-G70Y,NCS,,#f0f1df,
1005-G80Y,NCS,,#f1f1df,
1005-G90Y,NCS,,#f1efdf,
1005-R,NCS,,#f1d2d4,
1005-R10B,NCS,,#f1d3d7,
1005-R20B,NCS,,#f1d5db,
1005-R30B,NCS,,#f1d7e0,
1005-R40B,NCS,,#f1dae6,
1005-R50B,NCS,,#f1deed,
1005-R60B,NCS,,#eadcf1,
1005-R70B,NCS,,#e3dcf1,
1005-R80B,NCS,,#d5daf1,
1005-R90B,NCS,,#d7e0f1,
1005-Y,NCS,,#f1eede,
1005-Y10R,NCS,,#f1ecdd,
1005-Y20R,NCS,,#f1eadc,
1005-Y30R,NCS,,#f1e8db,
1005-Y40R,NCS,,#f1e6da,
1005-Y50R,NCS,,#f1e3d9,
1005-Y60R,NCS,,#f1e0d8,
1005-Y70R,NCS,,#f1ddd6,
1005-Y80R,NCS,,#f1d9d4,
1005-Y90R,NCS,,#f1d6d4,
1010-B,NCS,,#c8e2f1,
1010-B10G,NCS,,#cae7f1,
1010-B30G,NCS,,#cdeef1,
1010-B50G,NCS,,#cef1f0,
1010-B70G,NCS,,#ccf1ec,
1010-B90G,NCS,,#c6f1de,
1010-G,NCS,,#c2f1d5,
1010-G10Y,NCS,,#cff1d1,
1010-G20Y,NCS,,#d8f1cd,
1010-G30Y,NCS,,#def1cb,
1010-G40Y,NCS,,#e4f1c9,
1010-G50Y,NCS,,#e8f1cb,
1010-G60Y,NCS,,#ecf1cc,
1010-G70Y,NCS,,#eff1ce,
1010-G80Y,NCS,,#f1f0ce,
1010-G90Y,NCS,,#f1eecd,
1010-R,NCS,,#f1b8bb,
1010-R10B,NCS,,#f1bac0,
1010-R20B,NCS,,#f1bdc7,
1010-R30B,NCS,,#f1c0d0,
1010-R40B,NCS,,#f1c5db,
1010-R50B,NCS,,#f1ccea,
1010-R60B,NCS,,#e4c9f1,
1010-R70B,NCS,,#d7c8f1,
1010-R80B,NCS,,#bcc6f1,
1010-R90B,NCS,,#c1d1f1,
1010-Y,NCS,,#f1eccc,
1010-Y10R,NCS,,#f1e8cb,
1010-Y20R,NCS,,#f1e4c9,
1010-Y30R,NCS,,#f1e0c7,
1010-Y40R,NCS,,#f1dcc5,
1010-Y50R,NCS,,#f1d7c3,
1010-Y60R,NCS,,#f1d1c1,
1010-Y70R,NCS,,#f1cbbe,
1010-Y80R,NCS,,#f1c5bc,
1010-Y90R,NCS,,#f1bebb,
1015-B,NCS,,#b6dbf1,
1015-B20G,NCS,,#bbe8f1,
1015-B50G,NCS,,#bef1ef,
1015-B80G,NCS,,#baf1e5,
1015-G,NCS,,#aef1c8,
1015-G20Y,NCS,,#cdf1be,
1015-G40Y,NCS,,#def1b7,
1015-G60Y,NCS,,#eaf1bc,
1015-G80Y,NCS,,#f1f0be,
1015-G90Y,NCS,,#f1ecbd,
1015-R,NCS,,#f1a1a6,
1015-R10B,NCS,,#f1a4ad,
1015-R20B,NCS,,#f1a7b6,
1015-R40B,NCS,,#f1b2d2,
1015-R60B,NCS,,#dfb7f1,
1015-R80B,NCS,,#a6b4f1,
1015-R90B,NCS,,#acc3f1,
1015-Y,NCS,,#f1e9bb,
1015-Y10R,NCS,,#f1e4b9,
1015-Y20R,NCS,,#f1dfb7,
1015-Y30R,NCS,,#f1d9b5,
1015-Y40R,NCS,,#f1d2b2,
1015-Y50R,NCS,,#f1cbb0,
1015-Y60R,NCS,,#f1c4ad,
1015-Y70R,NCS,,#f1bca9,
1015-Y80R,NCS,,#f1b3a6,
1015-Y90R,NCS,,#f1aaa5,
1020-B,NCS,,#a5d5f1,
1020-B10G,NCS,,#a8dff1,
1020-B30G,NCS,,#adebf1,
1020-B40G,NCS,,#afeff1,
1020-B50G,NCS,,#aef1ef,
1020-B60G,NCS,,#adf1eb,
1020-B70G,NCS,,#abf1e7,
1020-B90G,NCS,,#a2f1ce,
1020-G,NCS,,#9cf1bd,
1020-G10Y,NCS,,#b3f1b5,
1020-G20Y,NCS,,#c2f1af,
1020-G30Y,NCS,,#cef1aa,
1020-G40Y,NCS,,#d8f1a6,
1020-G50Y,NCS,,#e1f1a9,
1020-G60Y,NCS,,#e7f1ac,
1020-G70Y,NCS,,#eef1ae,
1020-G80Y,NCS,,#f1efae,
1020-G90Y,NCS,,#f1eaad,
1020-R,NCS,,#f18d94,
1020-R10B,NCS,,#f1909c,
1020-R20B,NCS,,#f194a7,
1020-R30B,NCS,,#f19ab5,
1020-R40B,NCS,,#f1a1c9,
1020-R50B,NCS,,#f1aae4,
1020-R60B,NCS,,#d9a7f1,
1020-R70B,NCS,,#c1a7f1,
1020-R80B,NCS,,#93a5f1,
1020-R90B,NCS,,#9ab7f1,
1020-Y,NCS,,#f1e7ab,
1020-Y10R,NCS,,#f1e0a9,
1020-Y20R,NCS,,#f1d9a7,
1020-Y30R,NCS,,#f1d2a4,
1020-Y40R,NCS,,#f1caa1,
1020-Y50R,NCS,,#f1c19e,
1020-Y60R,NCS,,#f1b89a,
1020-Y70R,NCS,,#f1ae97,
1020-Y80R,NCS,,#f1a393,
1020-Y90R,NCS,,#f19892,
1030-B,NCS,,#86c9f1,
1030-B10G,NCS,,#8bd7f1,
1030-B30G,NCS,,#90e8f1,
1030-B40G,NCS,,#92eef1,
1030-B50G,NCS,,#92f1ee,
1030-B60G,NCS,,#90f1e8,
1030-B70G,NCS,,#8ef1e2,
1030-B90G,NCS,,#84f1c0,
1030-G,NCS,,#7df1aa,
1030-G10Y,NCS,,#9bf19f,
1030-G20Y,NCS,,#b0f195,
1030-G30Y,NCS,,#c1f18e,
1030-G40Y,NCS,,#cef188,
1030-G50Y,NCS,,#daf18b,
1030-G60Y,NCS,,#e3f18e,
1030-G70Y,NCS,,#ecf191,
1030-G80Y,NCS,,#f1ee92,
1030-G90Y,NCS,,#f1e890,
1030-R,NCS,,#f16d76,
1030-R10B,NCS,,#f17080,
1030-R20B,NCS,,#f1748d,
1030-R30B,NCS,,#f17aa0,
1030-R40B,NCS,,#f182b9,
1030-R50B,NCS,,#f18dde,
1030-R60B,NCS,,#d088f1,
1030-R70B,NCS,,#ae8af1,
1030-R80B,NCS,,#738bf1,
1030-R90B,NCS,,#7aa1f1,
1030-Y,NCS,,#f1e28e,
1030-Y10R,NCS,,#f1d98b,
1030-Y20R,NCS,,#f1d088,
1030-Y30R,NCS,,#f1c585,
1030-Y40R,NCS,,#f1bb82,
1030-Y50R,NCS,,#f1af7f,
1030-Y60R,NCS,,#f1a37b,
1030-Y70R,NCS,,#f19677,
1030-Y80R,NCS,,#f18973,
1030-Y90R,NCS,,#f17b73,
1040-B,NCS,,#6cbff1,
1040-B10G,NCS,,#70d0f1,
1040-B20G,NCS,,#73dcf1,
1040-B30G,NCS,,#75e5f1,
1040-B40G,NCS,,#77eef1,
1040-B50G,NCS,,#77f1ed,
1040-B60G,NCS,,#75f1e6,
1040-B70G,NCS,,#74f1de,
1040-B80G,NCS,,#71f1d5,
1040-B90G,NCS,,#69f1b4,
1040-G,NCS,,#63f19a,
1040-G10Y,NCS,,#86f18b,
1040-G20Y,NCS,,#a0f17f,
1040-G30Y,NCS,,#b5f175,
1040-G40Y,NCS,,#c5f16e,
1040-G50Y,NCS,,#d4f171,
1040-G60Y,NCS,,#dff174,
1040-G70Y,NCS,,#ebf177,
1040-G80Y,NCS,,#f1ed77,
1040-G90Y,NCS,,#f1e575,
1040-R,NCS,,#f1535e,
1040-R10B,NCS,,#f15669,
1040-R20B,NCS,,#f15a79,
1040-R30B,NCS,,#f1608e,
1040-R40B,NCS,,#f167ac,
1040-R50B,NCS,,#f172d9,
1040-R60B,NCS,,#c76ef1,
1040-R70B,NCS,,#9e72f1,
1040-R80B,NCS,,#5975f1,
1040-R90B,NCS,,#6090f1,
1040-Y,NCS,,#f1de74,
1040-Y10R,NCS,,#f1d371,
1040-Y20R,NCS,,#f1c76e,
1040-Y30R,NCS,,#f1bb6b,
1040-Y40R,NCS,,#f1ae67,
1040-Y50R,NCS,,#f1a064,
1040-Y60R,NCS,,#f19260,
1040-Y70R,NCS,,#f1835d,
1040-Y80R,NCS,,#f17359,
1040-Y90R,NCS,,#f1645a,
1050-B,NCS,,#54b6f1,
1050-B10G,NCS,,#58caf1,
1050-B20G,NCS,,#5bd8f1,
1050-B30G,NCS,,#5de3f1,
1050-B40G,NCS,,#5fedf1,
1050-B50G,NCS,,#5ff1ec,
1050-B60G,NCS,,#5df1e3,
1050-B70G,NCS,,#5cf1db,
1050-B80G,NCS,,#59f1cf,
1050-B90G,NCS,,#52f1aa,
1050-G,NCS,,#4cf18c,
1050-G10Y,NCS,,#75f17a,
1050-G20Y,NCS,,#92f16b,
1050-G30Y,NCS,,#aaf160,
1050-G40Y,NCS,,#bdf156,
1050-G50Y,NCS,,#cef159,
1050-G60Y,NCS,,#dcf15c,
1050-G70Y,NCS,,#eaf15f,
1050-G80Y,NCS,,#f1ed5f,
1050-G90Y,NCS,,#f1e35d,
1050-R,NCS,,#f13f4a,
1050-R10B,NCS,,#f14157,
1050-R20B,NCS,,#f14567,
1050-R30B,NCS,,#f1497f,
1050-R40B,NCS,,#f150a1,
1050-R90B,NCS,,#4a81f1,
1050-Y,NCS,,#f1db5c,
1050-Y10R,NCS,,#f1cd59,
1050-Y20R,NCS,,#f1c056,
1050-Y30R,NCS,,#f1b153,
1050-Y40R,NCS,,#f1a250,
1050-Y50R,NCS,,#f1934d,
1050-Y60R,NCS,,#f1834a,
1050-Y70R,NCS,,#f17247,
1050-Y80R,NCS,,#f16143,
1050-Y90R,NCS,,#f15045,
1055-B90G,NCS,,#47f1a5,
1060-B,NCS,,#40aff1,
1060-G,NCS,,#39f180,
1060-G10Y,NCS,,#65f16b,
1060-G20Y,NCS,,#86f15a,
1060-G30Y,NCS,,#a0f14c,
1060-G40Y,NCS,,#b6f141,
1060-G50Y,NCS,,#c9f144,
1060-G60Y,NCS,,#d9f146,
1060-G70Y,NCS,,#e9f149,
1060-G80Y,NCS,,#f1ec49,
1060-G90Y,NCS,,#f1e147,
1060-R,NCS,,#f12e3a,
1060-R10B,NCS,,#f13047,
1060-R20B,NCS,,#f13259,
1060-R30B,NCS,,#f13672,
1060-Y,NCS,,#f1d746,
1060-Y10R,NCS,,#f1c844,
1060-Y20R,NCS,,#f1b941,
1060-Y30R,NCS,,#f1a93f,
1060-Y40R,NCS,,#f1983c,
1060-Y50R,NCS,,#f1883a,
1060-Y60R,NCS,,#f17637,
1060-Y70R,NCS,,#f16534,
1060-Y80R,NCS,,#f15331,
1060-Y90R,NCS,,#f14134,
1070-G10Y,NCS,,#57f15e,
1070-G20Y,NCS,,#7bf14b,
1070-G30Y,NCS,,#98f13b,
1070-G40Y,NCS,,#b0f12e,
1070-G50Y,NCS,,#c5f130,
1070-G60Y,NCS,,#d6f132,
1070-G70Y,NCS,,#e8f134,
1070-G80Y,NCS,,#f1eb35,
1070-G90Y,NCS,,#f1df33,
1070-R,NCS,,#f11f2d,
1070-R10B,NCS,,#f1213a,
1070-R20B,NCS,,#f1234c,
1070-Y,NCS,,#f1d432,
1070-Y10R,NCS,,#f1c430,
1070-Y20R,NCS,,#f1b32e,
1070-Y30R,NCS,,#f1a12c,
1070-Y40R,NCS,,#f1902a,
1070-Y50R,NCS,,#f17e28,
1070-Y60R,NCS,,#f16b26,
1070-Y70R,NCS,,#f15924,
1070-Y80R,NCS,,#f14622,
1070-Y90R,NCS,,#f13326,
1075-G20Y,NCS,,#76f144,
1075-G40Y,NCS,,#adf126,
1075-G50Y,NCS,,#c3f127,
1075-G60Y,NCS,,#d5f129,
1075-G70Y,NCS,,#e7f12b,
1075-G80Y,NCS,,#f1eb2b,
1075-G90Y,NCS,,#f1de2a,
1080-G30Y,NCS,,#91f12c,
1080-R,NCS,,#f11322,
1080-Y,NCS,,#f1d220,
1080-Y10R,NCS,,#f1c01e,
1080-Y20R,NCS,,#f1ad1d,
1080-Y30R,NCS,,#f19b1c,
1080-Y40R,NCS,,#f1881b,
1080-Y50R,NCS,,#f17519,
1080-Y60R,NCS,,#f16218,
1080-Y70R,NCS,,#f14e16,
1080-Y80R,NCS,,#f13b15,
1080-Y90R,NCS,,#f1281a,
1085-Y80R,NCS,,#f1360f,
1085-Y90R,NCS,,#f12214,
1500-N,NCS,,#d8d8d8,
1502-B,NCS,,#dbe1e4,
1502-B50G,NCS,,#dde4e3,
1502-G,NCS,,#dae4de,
1502-G50Y,NCS,,#e2e4dc,
1502-R,NCS,,#e4d7d8,
1502-R50B,NCS,,#e4dce2,
1502-Y,NCS,,#e4e3dc,
1502-Y50R,NCS,,#e4deda,
1505-G80Y,NCS,,#e4e3d3,
1505-G90Y,NCS,,#e4e2d2,
1505-Y,NCS,,#e4e1d2,
1505-Y10R,NCS,,#e4dfd1,
1505-Y20R,NCS,,#e4ddd0,
1505-Y30R,NCS,,#e4dbcf,
1505-Y40R,NCS,,#e4d9ce,
1505-Y50R,NCS,,#e4d7cd,
1505-Y60R,NCS,,#e4d4cc,
1505-Y70R,NCS,,#e4d1ca,
1505-Y80R,NCS,,#e4cdc9,
1505-Y90R,NCS,,#e4cac8,
1510-B,NCS,,#bdd5e4,
1510-B20G,NCS,,#c1dee4,
1510-B50G,NCS,,#c3e4e3,
1510-B80G,NCS,,#c0e4dc,
1510-G,NCS,,#b8e4c9,
1510-G20Y,NCS,,#cce4c2,
1510-G40Y,NCS,,#d7e4be,
1510-G60Y,NCS,,#dfe4c1,
1510-G80Y,NCS,,#e4e3c3,
1510-G90Y,NCS,,#e4e0c2,
1510-R,NCS,,#e4adb1,
1510-R10B,NCS,,#e4afb6,
1510-R20B,NCS,,#e4b2bc,
1510-R40B,NCS,,#e4bacf,
1510-R60B,NCS,,#d8bee4,
1510-R80B,NCS,,#b2bbe4,
1510-R90B,NCS,,#b6c5e4,
1510-Y,NCS,,#e4dec1,
1510-Y10R,NCS,,#e4dbbf,
1510-Y20R,NCS,,#e4d8be,
1510-Y30R,NCS,,#e4d4bc,
1510-Y40R,NCS,,#e4d0ba,
1510-Y50R,NCS,,#e4cbb8,
1510-Y60R,NCS,,#e4c6b6,
1510-Y70R,NCS,,#e4c0b4,
1510-Y80R,NCS,,#e4bab1,
1510-Y90R,NCS,,#e4b4b1,
1515-B,NCS,,#accfe4,
1515-B20G,NCS,,#b1dbe4,
1515-B50G,NCS,,#b3e4e2,
1515-B80G,NCS,,#afe4d8,
1515-G,NCS,,#a5e4bd,
1515-G20Y,NCS,,#c1e4b3,
1515-G40Y,NCS,,#d1e4ad,
1515-G60Y,NCS,,#dde4b1,
1515-G80Y,NCS,,#e4e2b3,
1515-G90Y,NCS,,#e4dfb2,
1515-R,NCS,,#e4989d,
1515-R10B,NCS,,#e49ba3,
1515-R20B,NCS,,#e49eac,
1515-R40B,NCS,,#e4a8c6,
1515-R60B,NCS,,#d2ade4,
1515-R80B,NCS,,#9daae4,
1515-R90B,NCS,,#a3b8e4,
1515-Y,NCS,,#e4dcb1,
1515-Y10R,NCS,,#e4d7af,
1515-Y20R,NCS,,#e4d2ad,
1515-Y30R,NCS,,#e4cdab,
1515-Y40R,NCS,,#e4c7a8,
1515-Y50R,NCS,,#e4c0a6,
1515-Y60R,NCS,,#e4b9a3,
1515-Y70R,NCS,,#e4b1a0,
1515-Y80R,NCS,,#e4a99d,
1515-Y90R,NCS,,#e4a19c,
1550-R70B,NCS,,#8857e4,
1550-R80B,NCS,,#405ee4,
1555-B10G,NCS,,#49bce4,
1555-R70B,NCS,,#824ee4,
1555-R80B,NCS,,#3757e4,
1560-R90B,NCS,,#346ee4,
1565-B,NCS,,#33a1e4,
1565-G,NCS,,#2de474,
1575-R10B,NCS,,#e41931,
1580-R,NCS,,#e41220,
1580-Y80R,NCS,,#e43814,
1580-Y90R,NCS,,#e42518,
2000-N,NCS,,#cccccc,
2002-B,NCS,,#cfd3d6,
2002-B50G,NCS,,#d0d6d6,
2002-G,NCS,,#cdd6d1,
2002-G50Y,NCS,,#d5d6cf,
2002-R,NCS,,#d6cbcb,
2002-R50B,NCS,,#d6cfd5,
2002-Y,NCS,,#d6d5cf,
2002-Y50R,NCS,,#d6d1cd,
2005-B,NCS,,#c3cfd6,
2005-B20G,NCS,,#c5d3d6,
2005-B50G,NCS,,#c6d6d6,
2005-B80G,NCS,,#c5d6d2,
2005-G,NCS,,#c0d6c9,
2005-G10Y,NCS,,#c6d6c7,
2005-G20Y,NCS,,#cbd6c6,
2005-G30Y,NCS,,#ced6c5,
2005-G40Y,NCS,,#d0d6c4,
2005-G50Y,NCS,,#d2d6c5,
2005-G60Y,NCS,,#d4d6c6,
2005-G70Y,NCS,,#d6d6c6,
2005-G80Y,NCS,,#d6d6c6,
2005-G90Y,NCS,,#d6d5c6,
2005-R,NCS,,#d6bbbc,
2005-R10B,NCS,,#d6bcbf,
2005-R20B,NCS,,#d6bdc2,
2005-R30B,NCS,,#d6bfc7,
2005-R40B,NCS,,#d6c2cc,
2005-R50B,NCS,,#d6c5d3,
2005-R60B,NCS,,#d0c4d6,
2005-R70B,NCS,,#cac3d6,
2005-R80B,NCS,,#bdc2d6,
2005-R90B,NCS,,#c0c7d6,
2005-Y,NCS,,#d6d4c5,
2005-Y10R,NCS,,#d6d2c5,
2005-Y20R,NCS,,#d6d0c4,
2005-Y30R,NCS,,#d6cfc3,
2005-Y40R,NCS,,#d6ccc2,
2005-Y50R,NCS,,#d6cac1,
2005-Y60R,NCS,,#d6c7c0,
2005-Y70R,NCS,,#d6c4be,
2005-Y80R,NCS,,#d6c1bd,
2005-Y90R,NCS,,#d6bebc,
2010-B,NCS,,#b2c9d6,
2010-B10G,NCS,,#b4ced6,
2010-B30G,NCS,,#b6d3d6,
2010-B50G,NCS,,#b7d6d5,
2010-B70G,NCS,,#b6d6d1,
2010-B90G,NCS,,#b0d6c5,
2010-G,NCS,,#add6bd,
2010-G10Y,NCS,,#b8d6b9,
2010-G20Y,NCS,,#c0d6b7,
2010-G30Y,NCS,,#c6d6b4,
2010-G40Y,NCS,,#cad6b3,
2010-G50Y,NCS,,#ced6b4,
2010-G60Y,NCS,,#d2d6b6,
2010-G70Y,NCS,,#d5d6b7,
2010-G80Y,NCS,,#d6d5b7,
2010-G90Y,NCS,,#d6d3b6,
2010-R,NCS,,#d6a3a6,
2010-R10B,NCS,,#d6a5ab,
2010-R20B,NCS,,#d6a8b1,
2010-R30B,NCS,,#d6abb9,
2010-R40B,NCS,,#d6afc3,
2010-R50B,NCS,,#d6b5d0,
2010-R60B,NCS,,#cbb3d6,
2010-R70B,NCS,,#bfb2d6,
2010-R80B,NCS,,#a7b0d6,
2010-R90B,NCS,,#abb9d6,
2010-Y,NCS,,#d6d1b6,
2010-Y10R,NCS,,#d6ceb4,
2010-Y20R,NCS,,#d6cbb3,
2010-Y30R,NCS,,#d6c7b1,
2010-Y40R,NCS,,#d6c3af,
2010-Y50R,NCS,,#d6bfae,
2010-Y60R,NCS,,#d6baac,
2010-Y70R,NCS,,#d6b5a9,
2010-Y80R,NCS,,#d6afa7,
2010-Y90R,NCS,,#d6a9a6,
2020-B,NCS,,#92bdd6,
2020-B10G,NCS,,#96c6d6,
2020-B30G,NCS,,#9ad1d6,
2020-B40G,NCS,,#9bd5d6,
2020-B50G,NCS,,#9bd6d4,
2020-B60G,NCS,,#9ad6d1,
2020-B70G,NCS,,#98d6cd,
2020-B90G,NCS,,#90d6b7,
2020-G,NCS,,#8bd6a8,
2020-G10Y,NCS,,#9fd6a1,
2020-G20Y,NCS,,#add69c,
2020-G30Y,NCS,,#b7d697,
2020-G40Y,NCS,,#c0d694,
2020-G50Y,NCS,,#c8d696,
2020-G60Y,NCS,,#ced699,
2020-G70Y,NCS,,#d3d69b,
2020-G80Y,NCS,,#d6d49b,
2020-G90Y,NCS,,#d6d09a,
2020-R,NCS,,#d67e83,
2020-R10B,NCS,,#d6808b,
2020-R20B,NCS,,#d68494,
2020-R30B,NCS,,#d688a1,
2020-R40B,NCS,,#d68fb3,
2020-R50B,NCS,,#d697ca,
2020-R60B,NCS,,#c194d6,
2020-R70B,NCS,,#ab94d6,
2020-R80B,NCS,,#8392d6,
2020-R90B,NCS,,#89a2d6,
2020-Y,NCS,,#d6cd98,
2020-Y10R,NCS,,#d6c796,
2020-Y20R,NCS,,#d6c194,
2020-Y30R,NCS,,#d6bb92,
2020-Y40R,NCS,,#d6b38f,
2020-Y50R,NCS,,#d6ac8c,
2020-Y60R,NCS,,#d6a389,
2020-Y70R,NCS,,#d69b86,
2020-Y80R,NCS,,#d69183,
2020-Y90R,NCS,,#d68882,
2030-B,NCS,,#77b3d6,
2030-B10G,NCS,,#7bbfd6,
2030-B30G,NCS,,#80ced6,
2030-B40G,NCS,,#82d4d6,
2030-B50G,NCS,,#81d6d3,
2030-B60G,NCS,,#80d6ce,
2030-B70G,NCS,,#7ed6c9,
2030-B90G,NCS,,#75d6ab,
2030-G,NCS,,#6fd697,
2030-G10Y,NCS,,#8ad68d,
2030-G20Y,NCS,,#9cd685,
2030-G30Y,NCS,,#abd67e,
2030-G40Y,NCS,,#b7d679,
2030-G50Y,NCS,,#c2d67c,
2030-G60Y,NCS,,#cad67f,
2030-G70Y,NCS,,#d2d681,
2030-G80Y,NCS,,#d6d481,
2030-G90Y,NCS,,#d6ce80,
2030-R,NCS,,#d66168,
2030-R10B,NCS,,#d66471,
2030-R20B,NCS,,#d6677e,
2030-R30B,NCS,,#d66c8e,
2030-R40B,NCS,,#d673a5,
2030-R50B,NCS,,#d67dc5,
2030-R60B,NCS,,#b979d6,
2030-R70B,NCS,,#9b7bd6,
2030-R80B,NCS,,#677bd6,
2030-R90B,NCS,,#6d8fd6,
2030-Y,NCS,,#d6c97e,
2030-Y10R,NCS,,#d6c17c,
2030-Y20R,NCS,,#d6b979,
2030-Y30R,NCS,,#d6b076,
2030-Y40R,NCS,,#d6a674,
2030-Y50R,NCS,,#d69c70,
2030-Y60R,NCS,,#d6916d,
2030-Y70R,NCS,,#d6856a,
2030-Y80R,NCS,,#d67966,
2030-Y90R,NCS,,#d66d66,
2040-B,NCS,,#60aad6,
2040-B10G,NCS,,#64b9d6,
2040-B20G,NCS,,#66c4d6,
2040-B30G,NCS,,#68ccd6,
2040-B40G,NCS,,#6ad3d6,
2040-B50G,NCS,,#6ad6d3,
2040-B60G,NCS,,#68d6cc,
2040-B70G,NCS,,#67d6c6,
2040-B80G,NCS,,#65d6bd,
2040-B90G,NCS,,#5dd6a0,
2040-G,NCS,,#58d689,
2040-G10Y,NCS,,#77d67c,
2040-G20Y,NCS,,#8ed671,
2040-G30Y,NCS,,#a0d668,
2040-G40Y,NCS,,#afd661,
2040-G50Y,NCS,,#bcd664,
2040-G60Y,NCS,,#c7d667,
2040-G70Y,NCS,,#d1d66a,
2040-G80Y,NCS,,#d6d36a,
2040-G90Y,NCS,,#d6cc68,
2040-R,NCS,,#d64a53,
2040-R10B,NCS,,#d64d5d,
2040-R20B,NCS,,#d6506b,
2040-R30B,NCS,,#d6557e,
2040-R40B,NCS,,#d65c99,
2040-R50B,NCS,,#d666c1,
2040-R60B,NCS,,#b162d6,
2040-R70B,NCS,,#8d65d6,
2040-R80B,NCS,,#4f68d6,
2040-R90B,NCS,,#5580d6,
2040-Y,NCS,,#d6c667,
2040-Y10R,NCS,,#d6bc64,
2040-Y20R,NCS,,#d6b162,
2040-Y30R,NCS,,#d6a65f,
2040-Y40R,NCS,,#d69a5c,
2040-Y50R,NCS,,#d68e59,
2040-Y60R,NCS,,#d68156,
2040-Y70R,NCS,,#d67452,
2040-Y80R,NCS,,#d6664f,
2040-Y90R,NCS,,#d65950,
2050-B,NCS,,#4ba2d6,
2050-B10G,NCS,,#4fb4d6,
2050-B20G,NCS,,#51c0d6,
2050-B30G,NCS,,#53cad6,
2050-B40G,NCS,,#55d3d6,
2050-B50G,NCS,,#55d6d2,
2050-B60G,NCS,,#53d6ca,
2050-B70G,NCS,,#51d6c3,
2050-B80G,NCS,,#4fd6b8,
2050-B90G,NCS,,#49d697,
2050-G,NCS,,#44d67d,
2050-G10Y,NCS,,#68d66c,
2050-G20Y,NCS,,#82d660,
2050-G30Y,NCS,,#97d655,
2050-G40Y,NCS,,#a8d64d,
2050-G50Y,NCS,,#b7d64f,
2050-G60Y,NCS,,#c4d652,
2050-G70Y,NCS,,#d0d654,
2050-G80Y,NCS,,#d6d255,
2050-G90Y,NCS,,#d6ca53,
2050-R,NCS,,#d63842,
2050-R10B,NCS,,#d63a4d,
2050-R20B,NCS,,#d63d5c,
2050-R30B,NCS,,#d64171,
2050-R40B,NCS,,#d6478f,
2050-R50B,NCS,,#d650bd,
2050-R60B,NCS,,#aa4dd6,
2050-R70B,NCS,,#8052d6,
2050-R80B,NCS,,#3c59d6,
2050-R90B,NCS,,#4172d6,
2050-Y,NCS,,#d6c251,
2050-Y10R,NCS,,#d6b74f,
2050-Y20R,NCS,,#d6aa4d,
2050-Y30R,NCS,,#d69e4a,
2050-Y40R,NCS,,#d69047,
2050-Y50R,NCS,,#d68345,
2050-Y60R,NCS,,#d67442,
2050-Y70R,NCS,,#d6663f,
2050-Y80R,NCS,,#d6573c,
2050-Y90R,NCS,,#d6483e,
2055-B10G,NCS,,#45b1d6,
2060-B,NCS,,#399bd6,
2060-B50G,NCS,,#41d6d1,
2060-B70G,NCS,,#3ed6c0,
2060-B90G,NCS,,#37d68f,
2060-G,NCS,,#32d672,
2060-G10Y,NCS,,#5ad65f,
2060-G20Y,NCS,,#77d650,
2060-G30Y,NCS,,#8fd644,
2060-G40Y,NCS,,#a2d63a,
2060-G50Y,NCS,,#b3d63c,
2060-G60Y,NCS,,#c1d63e,
2060-G70Y,NCS,,#cfd640,
2060-G80Y,NCS,,#d6d241,
2060-G90Y,NCS,,#d6c83f,
2060-R,NCS,,#d62934,
2060-R10B,NCS,,#d62a3f,
2060-R20B,NCS,,#d62d4f,
2060-R30B,NCS,,#d63065,
2060-R40B,NCS,,#d63586,
2060-R70B,NCS,,#7642d6,
2060-R80B,NCS,,#2c4cd6,
2060-R90B,NCS,,#3067d6,
2060-Y,NCS,,#d6c03e,
2060-Y10R,NCS,,#d6b23c,
2060-Y20R,NCS,,#d6a43a,
2060-Y30R,NCS,,#d69638,
2060-Y40R,NCS,,#d68835,
2060-Y50R,NCS,,#d67933,
2060-Y60R,NCS,,#d66931,
2060-Y70R,NCS,,#d6592e,
2060-Y80R,NCS,,#d6492c,
2060-Y90R,NCS,,#d6392f,
2065-B,NCS,,#3098d6,
2065-R20B,NCS,,#d62649,
2065-R90B,NCS,,#2962d6,
2070-G10Y,NCS,,#4ed654,
2070-G20Y,NCS,,#6ed643,
2070-G30Y,NCS,,#87d635,
2070-G40Y,NCS,,#9dd629,
2070-G50Y,NCS,,#afd62b,
2070-G60Y,NCS,,#bed62d,
2070-G70Y,NCS,,#ced62e,
2070-G80Y,NCS,,#d6d12f,
2070-G90Y,NCS,,#d6c62d,
2070-R,NCS,,#d61c28,
2070-R10B,NCS,,#d61d34,
2070-Y,NCS,,#d6bd2c,
2070-Y10R,NCS,,#d6ae2b,
2070-Y20R,NCS,,#d69f29,
2070-Y30R,NCS,,#d68f27,
2070-Y40R,NCS,,#d68026,
2070-Y50R,NCS,,#d67024,
2070-Y60R,NCS,,#d65f22,
2070-Y70R,NCS,,#d64f20,
2070-Y80R,NCS,,#d63e1e,
2070-Y90R,NCS,,#d62d22,
2075-G20Y,NCS,,#69d63c,
2075-G30Y,NCS,,#84d62e,
2075-Y60R,NCS,,#d65b1b,
2075-Y70R,NCS,,#d64a1a,
2500-N,NCS,,#bfbfbf,
2502-B,NCS,,#c2c6c9,
2502-G,NCS,,#c0c9c4,
2502-R,NCS,,#c9bebf,
2502-Y,NCS,,#c9c8c2,
2555-B20G,NCS,,#43b3c9,
2555-B30G,NCS,,#44bcc9,
2555-B40G,NCS,,#46c5c9,
2555-B60G,NCS,,#44c9bd,
2555-B80G,NCS,,#41c9ab,
2565-G,NCS,,#28c967,
2565-R80B,NCS,,#2341c9,
2570-G20Y,NCS,,#67c93e,
2570-G30Y,NCS,,#7fc931,
2570-R,NCS,,#c91a25,
2570-Y30R,NCS,,#c98725,
2570-Y40R,NCS,,#c97823,
2570-Y50R,NCS,,#c96922,
2570-Y60R,NCS,,#c95920,
2570-Y70R,NCS,,#c94a1e,
2570-Y80R,NCS,,#c93a1c,
2570-Y90R,NCS,,#c92b20,
3000-N,NCS,,#b2b2b2,
3005-B20G,NCS,,#adb9bc,
3005-B80G,NCS,,#acbcb8,
3005-G20Y,NCS,,#b1bcad,
3005-G50Y,NCS,,#b8bcac,
3005-G80Y,NCS,,#bcbbae,
3005-R20B,NCS,,#bca6aa,
3005-R50B,NCS,,#bcacb9,
3005-R80B,NCS,,#a5aabc,
3005-Y20R,NCS,,#bcb6ab,
3005-Y50R,NCS,,#bcb1a9,
3005-Y80R,NCS,,#bca9a5,
3010-B,NCS,,#9cb0bc,
3010-B10G,NCS,,#9db4bc,
3010-B30G,NCS,,#a0b9bc,
3010-B50G,NCS,,#a0bcbb,
3010-B70G,NCS,,#9fbcb7,
3010-B90G,NCS,,#9abcad,
3010-G,NCS,,#97bca5,
3010-G10Y,NCS,,#a1bca2,
3010-G20Y,NCS,,#a8bca0,
3010-G30Y,NCS,,#adbc9e,
3010-G40Y,NCS,,#b1bc9c,
3010-G50Y,NCS,,#b5bc9e,
3010-G60Y,NCS,,#b8bc9f,
3010-G70Y,NCS,,#babca0,
3010-G80Y,NCS,,#bcbba0,
3010-G90Y,NCS,,#bcb9a0,
3010-R,NCS,,#bc8f92,
3010-R10B,NCS,,#bc9096,
3010-R20B,NCS,,#bc939b,
3010-R30B,NCS,,#bc96a2,
3010-R40B,NCS,,#bc99aa,
3010-R50B,NCS,,#bc9eb6,
3010-R60B,NCS,,#b29cbc,
3010-R70B,NCS,,#a79cbc,
3010-R80B,NCS,,#929abc,
3010-R90B,NCS,,#96a2bc,
3010-Y,NCS,,#bcb79f,
3010-Y10R,NCS,,#bcb59e,
3010-Y20R,NCS,,#bcb29c,
3010-Y30R,NCS,,#bcae9b,
3010-Y40R,NCS,,#bcab9a,
3010-Y50R,NCS,,#bca798,
3010-Y60R,NCS,,#bca396,
3010-Y70R,NCS,,#bc9e94,
3010-Y80R,NCS,,#bc9992,
3010-Y90R,NCS,,#bc9491,
3020-B,NCS,,#80a5bc,
3020-B10G,NCS,,#83adbc,
3020-B30G,NCS,,#86b7bc,
3020-B40G,NCS,,#88babc,
3020-B50G,NCS,,#88bcba,
3020-B60G,NCS,,#86bcb7,
3020-B70G,NCS,,#85bcb3,
3020-B90G,NCS,,#7ebca0,
3020-G,NCS,,#7abc93,
3020-G10Y,NCS,,#8bbc8d,
3020-G20Y,NCS,,#97bc88,
3020-G30Y,NCS,,#a1bc84,
3020-G40Y,NCS,,#a8bc81,
3020-G50Y,NCS,,#afbc84,
3020-G60Y,NCS,,#b4bc86,
3020-G70Y,NCS,,#b9bc87,
3020-G80Y,NCS,,#bcba88,
3020-G90Y,NCS,,#bcb686,
3020-R,NCS,,#bc6e73,
3020-R10B,NCS,,#bc7079,
3020-R20B,NCS,,#bc7382,
3020-R30B,NCS,,#bc778d,
3020-R40B,NCS,,#bc7d9c,
3020-R50B,NCS,,#bc84b1,
3020-R60B,NCS,,#a982bc,
3020-R70B,NCS,,#9682bc,
3020-R80B,NCS,,#7380bc,
3020-R90B,NCS,,#788ebc,
3020-Y,NCS,,#bcb385,
3020-Y10R,NCS,,#bcae83,
3020-Y20R,NCS,,#bca982,
3020-Y30R,NCS,,#bca37f,
3020-Y40R,NCS,,#bc9d7d,
3020-Y50R,NCS,,#bc967b,
3020-Y60R,NCS,,#bc8f78,
3020-Y70R,NCS,,#bc8775,
3020-Y80R,NCS,,#bc7f72,
3020-Y90R,NCS,,#bc7772,
3030-B,NCS,,#689cbc,
3030-B10G,NCS,,#6ca7bc,
3030-B30G,NCS,,#70b4bc,
3030-B40G,NCS,,#71b9bc,
3030-B50G,NCS,,#71bcb9,
3030-B60G,NCS,,#70bcb5,
3030-B70G,NCS,,#6ebcb0,
3030-B90G,NCS,,#66bc95,
3030-G,NCS,,#61bc84,
3030-G10Y,NCS,,#78bc7b,
3030-G20Y,NCS,,#89bc74,
3030-G30Y,NCS,,#96bc6e,
3030-G40Y,NCS,,#a0bc6a,
3030-G50Y,NCS,,#a9bc6c,
3030-G60Y,NCS,,#b1bc6f,
3030-G70Y,NCS,,#b8bc71,
3030-G80Y,NCS,,#bcb971,
3030-G90Y,NCS,,#bcb470,
3030-R,NCS,,#bc555b,
3030-R10B,NCS,,#bc5763,
3030-R20B,NCS,,#bc5a6e,
3030-R30B,NCS,,#bc5f7c,
3030-R40B,NCS,,#bc6590,
3030-R50B,NCS,,#bc6dad,
3030-R60B,NCS,,#a26abc,
3030-R70B,NCS,,#876bbc,
3030-R80B,NCS,,#5a6cbc,
3030-R90B,NCS,,#5f7ebc,
3030-Y,NCS,,#bcb06e,
3030-Y10R,NCS,,#bca96c,
3030-Y20R,NCS,,#bca16a,
3030-Y30R,NCS,,#bc9a68,
3030-Y40R,NCS,,#bc9165,
3030-Y50R,NCS,,#bc8862,
3030-Y60R,NCS,,#bc7f5f,
3030-Y70R,NCS,,#bc755c,
3030-Y80R,NCS,,#bc6a59,
3030-Y90R,NCS,,#bc6059,
3040-B,NCS,,#5495bc,
3040-B10G,NCS,,#57a2bc,
3040-B20G,NCS,,#59abbc,
3040-B30G,NCS,,#5bb3bc,
3040-B40G,NCS,,#5db9bc,
3040-B50G,NCS,,#5dbcb8,
3040-B60G,NCS,,#5bbcb3,
3040-B70G,NCS,,#5abcad,
3040-B80G,NCS,,#58bca5,
3040-B90G,NCS,,#52bc8c,
3040-G,NCS,,#4dbc78,
3040-G10Y,NCS,,#68bc6c,
3040-G20Y,NCS,,#7dbc63,
3040-G30Y,NCS,,#8cbc5b,
3040-G40Y,NCS,,#99bc55,
3040-G50Y,NCS,,#a5bc58,
3040-G60Y,NCS,,#aebc5a,
3040-G70Y,NCS,,#b7bc5c,
3040-G80Y,NCS,,#bcb95d,
3040-G90Y,NCS,,#bcb25b,
3040-R,NCS,,#bc4149,
3040-R10B,NCS,,#bc4352,
3040-R20B,NCS,,#bc465e,
3040-R30B,NCS,,#bc4a6e,
3040-R40B,NCS,,#bc5086,
3040-R50B,NCS,,#bc59a9,
3040-R60B,NCS,,#9b55bc,
3040-R70B,NCS,,#7b58bc,
3040-R80B,NCS,,#455bbc,
3040-R90B,NCS,,#4b70bc,
3040-Y,NCS,,#bcad5a,
3040-Y10R,NCS,,#bca458,
3040-Y20R,NCS,,#bc9b55,
3040-Y30R,NCS,,#bc9153,
3040-Y40R,NCS,,#bc8750,
3040-Y50R,NCS,,#bc7c4e,
3040-Y60R,NCS,,#bc714b,
3040-Y70R,NCS,,#bc6648,
3040-Y80R,NCS,,#bc5a45,
3040-Y90R,NCS,,#bc4d46,
3050-B,NCS,,#428ebc,
3050-B10G,NCS,,#459dbc,
3050-B20G,NCS,,#47a8bc,
3050-B30G,NCS,,#49b1bc,
3050-B40G,NCS,,#4ab8bc,
3050-B50G,NCS,,#4abcb8,
3050-B60G,NCS,,#49bcb1,
3050-B70G,NCS,,#47bcaa,
3050-B80G,NCS,,#45bca1,
3050-B90G,NCS,,#40bc84,
3050-G,NCS,,#3bbc6d,
3050-G10Y,NCS,,#5bbc5f,
3050-G20Y,NCS,,#72bc54,
3050-G30Y,NCS,,#84bc4a,
3050-G40Y,NCS,,#93bc43,
3050-G50Y,NCS,,#a0bc45,
3050-G60Y,NCS,,#abbc47,
3050-G70Y,NCS,,#b6bc4a,
3050-G80Y,NCS,,#bcb84a,
3050-G90Y,NCS,,#bcb048,
3050-R,NCS,,#bc313a,
3050-R10B,NCS,,#bc3343,
3050-R20B,NCS,,#bc3550,
3050-R30B,NCS,,#bc3963,
3050-R40B,NCS,,#bc3e7d,
3050-R50B,NCS,,#bc46a5,
3050-R60B,NCS,,#9543bc,
3050-R70B,NCS,,#7048bc,
3050-R80B,NCS,,#354ebc,
3050-R90B,NCS,,#3964bc,
3050-Y,NCS,,#bcaa47,
3050-Y10R,NCS,,#bca045,
3050-Y20R,NCS,,#bc9543,
3050-Y30R,NCS,,#bc8a41,
3050-Y40R,NCS,,#bc7e3e,
3050-Y50R,NCS,,#bc723c,
3050-Y60R,NCS,,#bc663a,
3050-Y70R,NCS,,#bc5937,
3050-Y80R,NCS,,#bc4c34,
3050-Y90R,NCS,,#bc3f36,
3055-B50G,NCS,,#41bcb7,
3055-R30B,NCS,,#bc315d,
3055-R40B,NCS,,#bc3679,
3055-R50B,NCS,,#bc3ea3,
3060-B,NCS,,#3188bc,
3060-B10G,NCS,,#3499bc,
3060-B20G,NCS,,#36a5bc,
3060-B30G,NCS,,#37afbc,
3060-B40G,NCS,,#39b8bc,
3060-B70G,NCS,,#36bca8,
3060-B90G,NCS,,#30bc7d,
3060-G,NCS,,#2cbc64,
3060-G10Y,NCS,,#4fbc53,
3060-G20Y,NCS,,#68bc46,
3060-G30Y,NCS,,#7dbc3b,
3060-G40Y,NCS,,#8ebc33,
3060-G50Y,NCS,,#9cbc35,
3060-G60Y,NCS,,#a9bc36,
3060-G70Y,NCS,,#b5bc38,
3060-G80Y,NCS,,#bcb739,
3060-G90Y,NCS,,#bcaf37,
3060-R,NCS,,#bc232d,
3060-R10B,NCS,,#bc2537,
3060-R20B,NCS,,#bc2745,
3060-R70B,NCS,,#673abc,
3060-R80B,NCS,,#2742bc,
3060-R90B,NCS,,#2a5abc,
3060-Y,NCS,,#bca836,
3060-Y10R,NCS,,#bc9c34,
3060-Y20R,NCS,,#bc9033,
3060-Y30R,NCS,,#bc8331,
3060-Y40R,NCS,,#bc772f,
3060-Y50R,NCS,,#bc692d,
3060-Y60R,NCS,,#bc5c2b,
3060-Y70R,NCS,,#bc4e29,
3060-Y80R,NCS,,#bc4026,
3060-Y90R,NCS,,#bc3229,
3065-G10Y,NCS,,#49bc4e,
3065-G40Y,NCS,,#8bbc2b,
3065-G50Y,NCS,,#9bbc2d,
3065-G60Y,NCS,,#a8bc2f,
3065-R90B,NCS,,#2456bc,
3065-Y20R,NCS,,#bc8d2b,
3500-N,NCS,,#a5a5a5,
3502-B,NCS,,#a8acae,
3502-G,NCS,,#a7aeaa,
3502-R,NCS,,#aea5a5,
3502-Y,NCS,,#aeada9,
3555-B60G,NCS,,#3baea4,
3555-B80G,NCS,,#39ae94,
3555-R60B,NCS,,#8836ae,
3560-G,NCS,,#29ae5d,
3560-G10Y,NCS,,#49ae4d,
3560-G20Y,NCS,,#61ae41,
3560-G30Y,NCS,,#74ae37,
3560-G40Y,NCS,,#84ae2f,
3560-G50Y,NCS,,#91ae31,
3560-G60Y,NCS,,#9dae33,
3560-G70Y,NCS,,#a8ae34,
3560-R,NCS,,#ae212a,
3560-R80B,NCS,,#243dae,
3560-R90B,NCS,,#2754ae,
3560-Y,NCS,,#ae9c32,
3560-Y20R,NCS,,#ae852f,
3560-Y30R,NCS,,#ae7a2d,
3560-Y40R,NCS,,#ae6e2b,
3560-Y50R,NCS,,#ae622a,
3560-Y60R,NCS,,#ae5528,
3560-Y70R,NCS,,#ae4926,
3560-Y80R,NCS,,#ae3c24,
3560-Y90R,NCS,,#ae2f26,
4000-N,NCS,,#999999,
4005-B20G,NCS,,#949fa1,
4005-B80G,NCS,,#94a19e,
4005-G20Y,NCS,,#98a194,
4005-G50Y,NCS,,#9ea194,
4005-G80Y,NCS,,#a1a095,
4005-R20B,NCS,,#a18e92,
4005-R50B,NCS,,#a1949e,
4005-R80B,NCS,,#8e91a1,
4005-Y20R,NCS,,#a19c93,
4005-Y50R,NCS,,#a19891,
4005-Y80R,NCS,,#a1918e,
4010-B10G,NCS,,#879aa1,
4010-B30G,NCS,,#899fa1,
4010-B50G,NCS,,#89a1a0,
4010-B70G,NCS,,#88a19d,
4010-B90G,NCS,,#84a194,
4010-G10Y,NCS,,#8aa18b,
4010-G30Y,NCS,,#94a187,
4010-G50Y,NCS,,#9ba187,
4010-G70Y,NCS,,#a0a189,
4010-G90Y,NCS,,#a19e89,
4010-R10B,NCS,,#a17c80,
4010-R30B,NCS,,#a1808b,
4010-R50B,NCS,,#a1889c,
4010-R70B,NCS,,#8f86a1,
4010-R90B,NCS,,#808ba1,
4010-Y10R,NCS,,#a19b87,
4010-Y30R,NCS,,#a19585,
4010-Y50R,NCS,,#a18f82,
4010-Y70R,NCS,,#a1887f,
4010-Y90R,NCS,,#a17f7d,
4020-B,NCS,,#6e8ea1,
4020-B10G,NCS,,#7094a1,
4020-B30G,NCS,,#739da1,
4020-B50G,NCS,,#74a19f,
4020-B70G,NCS,,#72a19a,
4020-B90G,NCS,,#6ca189,
4020-G,NCS,,#68a17e,
4020-G10Y,NCS,,#77a179,
4020-G30Y,NCS,,#8aa171,
4020-G50Y,NCS,,#96a171,
4020-G70Y,NCS,,#9fa174,
4020-G90Y,NCS,,#a19c73,
4020-R,NCS,,#a15e62,
4020-R10B,NCS,,#a16068,
4020-R20B,NCS,,#a1636f,
4020-R30B,NCS,,#a16679,
4020-R40B,NCS,,#a16b86,
4020-R50B,NCS,,#a17298,
4020-R60B,NCS,,#916fa1,
4020-R70B,NCS,,#806fa1,
4020-R80B,NCS,,#626ea1,
4020-R90B,NCS,,#677aa1,
4020-Y,NCS,,#a19a72,
4020-Y10R,NCS,,#a19571,
4020-Y20R,NCS,,#a1916f,
4020-Y30R,NCS,,#a18c6d,
4020-Y40R,NCS,,#a1876b,
4020-Y50R,NCS,,#a18169,
4020-Y60R,NCS,,#a17b67,
4020-Y70R,NCS,,#a17464,
4020-Y80R,NCS,,#a16d62,
4020-Y90R,NCS,,#a16662,
4030-B,NCS,,#5a86a1,
4030-B10G,NCS,,#5c8fa1,
4030-B30G,NCS,,#609ba1,
4030-B50G,NCS,,#61a19f,
4030-B70G,NCS,,#5fa197,
4030-B90G,NCS,,#58a180,
4030-G,NCS,,#53a171,
4030-G10Y,NCS,,#67a16a,
4030-G30Y,NCS,,#80a15f,
4030-G50Y,NCS,,#91a15d,
4030-G70Y,NCS,,#9ea161,
4030-G90Y,NCS,,#a19a60,
4030-R,NCS,,#a1494e,
4030-R10B,NCS,,#a14b55,
4030-R20B,NCS,,#a14d5e,
4030-R30B,NCS,,#a1516b,
4030-R40B,NCS,,#a1567c,
4030-R50B,NCS,,#a15e94,
4030-R60B,NCS,,#8b5ba1,
4030-R70B,NCS,,#745ca1,
4030-R80B,NCS,,#4d5ca1,
4030-R90B,NCS,,#516ca1,
4030-Y,NCS,,#a1975f,
4030-Y10R,NCS,,#a1915d,
4030-Y20R,NCS,,#a18a5b,
4030-Y30R,NCS,,#a18459,
4030-Y40R,NCS,,#a17c57,
4030-Y50R,NCS,,#a17554,
4030-Y60R,NCS,,#a16d52,
4030-Y70R,NCS,,#a1644f,
4030-Y80R,NCS,,#a15b4c,
4030-Y90R,NCS,,#a1524d,
4040-B,NCS,,#487fa1,
4040-B10G,NCS,,#4b8ba1,
4040-B20G,NCS,,#4d93a1,
4040-B30G,NCS,,#4e99a1,
4040-B40G,NCS,,#509ea1,
4040-B50G,NCS,,#4fa19e,
4040-B60G,NCS,,#4ea199,
4040-B70G,NCS,,#4da194,
4040-B80G,NCS,,#4ba18e,
4040-B90G,NCS,,#46a178,
4040-G,NCS,,#42a167,
4040-G10Y,NCS,,#59a15d,
4040-G20Y,NCS,,#6ba155,
4040-G30Y,NCS,,#78a14e,
4040-G40Y,NCS,,#83a149,
4040-G50Y,NCS,,#8da14b,
4040-G60Y,NCS,,#95a14d,
4040-G70Y,NCS,,#9da14f,
4040-G80Y,NCS,,#a19e50,
4040-G90Y,NCS,,#a1994e,
4040-R,NCS,,#a1383e,
4040-R10B,NCS,,#a13946,
4040-R20B,NCS,,#a13c50,
4040-R30B,NCS,,#a1405f,
4040-R40B,NCS,,#a14573,
4040-R50B,NCS,,#a14c91,
4040-R60B,NCS,,#8549a1,
4040-R70B,NCS,,#694ca1,
4040-R80B,NCS,,#3b4ea1,
4040-R90B,NCS,,#4060a1,
4040-Y,NCS,,#a1944d,
4040-Y10R,NCS,,#a18d4b,
4040-Y20R,NCS,,#a18549,
4040-Y30R,NCS,,#a17c47,
4040-Y40R,NCS,,#a17445,
4040-Y50R,NCS,,#a16b43,
4040-Y60R,NCS,,#a16140,
4040-Y70R,NCS,,#a1573e,
4040-Y80R,NCS,,#a14d3b,
4040-Y90R,NCS,,#a1423c,
4050-B,NCS,,#387aa1,
4050-B10G,NCS,,#3b87a1,
4050-B20G,NCS,,#3d90a1,
4050-B30G,NCS,,#3e98a1,
4050-B40G,NCS,,#3f9ea1,
4050-B50G,NCS,,#3fa19e,
4050-B60G,NCS,,#3ea198,
4050-B70G,NCS,,#3da192,
4050-B80G,NCS,,#3ca18a,
4050-B90G,NCS,,#36a171,
4050-G,NCS,,#33a15d,
4050-G10Y,NCS,,#4ea151,
4050-G20Y,NCS,,#62a148,
4050-G30Y,NCS,,#71a140,
4050-G40Y,NCS,,#7ea139,
4050-G50Y,NCS,,#89a13b,
4050-G60Y,NCS,,#93a13d,
4050-G70Y,NCS,,#9ca13f,
4050-G80Y,NCS,,#a19e3f,
4050-G90Y,NCS,,#a1973e,
4050-R,NCS,,#a12a31,
4050-R10B,NCS,,#a12b3a,
4050-R20B,NCS,,#a12e45,
4050-R30B,NCS,,#a13154,
4050-R40B,NCS,,#a1356b,
4050-R50B,NCS,,#a13c8e,
4050-R60B,NCS,,#8039a1,
4050-R70B,NCS,,#603ea1,
4050-R80B,NCS,,#2d42a1,
4050-R90B,NCS,,#3156a1,
4050-Y,NCS,,#a1923d,
4050-Y10R,NCS,,#a1893b,
4050-Y20R,NCS,,#a18039,
4050-Y30R,NCS,,#a17637,
4050-Y40R,NCS,,#a16c36,
4050-Y50R,NCS,,#a16233,
4050-Y60R,NCS,,#a15731,
4050-Y70R,NCS,,#a14c2f,
4050-Y80R,NCS,,#a1412d,
4050-Y90R,NCS,,#a1362e,
4055-B,NCS,,#3177a1,
4055-B40G,NCS,,#389ea1,
4055-R70B,NCS,,#5c37a1,
4055-R95B,NCS,,#2d5fa1,
4055-Y10R,NCS,,#a18734,
4500-N,NCS,,#8c8c8c,
4502-B,NCS,,#8e9193,
4502-G,NCS,,#8d9390,
4502-R,NCS,,#938b8c,
4502-Y,NCS,,#93938f,
4550-B,NCS,,#336f93,
4550-B20G,NCS,,#388493,
4550-B30G,NCS,,#398b93,
4550-B40G,NCS,,#3a9193,
4550-B50G,NCS,,#3a9390,
4550-B80G,NCS,,#37937f,
4550-B90G,NCS,,#329368,
4550-G,NCS,,#2e9356,
4550-G10Y,NCS,,#47934b,
4550-G20Y,NCS,,#599342,
4550-G30Y,NCS,,#68933a,
4550-G40Y,NCS,,#749335,
4550-G50Y,NCS,,#7e9336,
4550-G60Y,NCS,,#879338,
4550-G70Y,NCS,,#8f933a,
4550-R70B,NCS,,#583993,
4550-R80B,NCS,,#293d93,
4550-R90B,NCS,,#2d4f93,
4550-Y,NCS,,#938638,
4550-Y30R,NCS,,#936c33,
4550-Y40R,NCS,,#936331,
4550-Y50R,NCS,,#935a2f,
4550-Y60R,NCS,,#93502d,
4550-Y70R,NCS,,#93462b,
4550-Y80R,NCS,,#933b29,
4550-Y90R,NCS,,#93312a,
5000-N,NCS,,#7f7f7f,
5005-B20G,NCS,,#7b8486,
5005-B80G,NCS,,#7b8684,
5005-G20Y,NCS,,#7f867c,
5005-G50Y,NCS,,#83867b,
5005-G80Y,NCS,,#86867c,
5005-R20B,NCS,,#86767a,
5005-R50B,NCS,,#867b84,
5005-R80B,NCS,,#767986,
5005-Y20R,NCS,,#86827a,
5005-Y50R,NCS,,#867e79,
5005-Y80R,NCS,,#867976,
5010-B10G,NCS,,#708186,
5010-B30G,NCS,,#728486,
5010-B50G,NCS,,#738685,
5010-B70G,NCS,,#718683,
5010-B90G,NCS,,#6e867b,
5010-G10Y,NCS,,#738674,
5010-G30Y,NCS,,#7c8671,
5010-G50Y,NCS,,#818671,
5010-G70Y,NCS,,#858672,
5010-G90Y,NCS,,#868472,
5010-R10B,NCS,,#86676b,
5010-R30B,NCS,,#866b74,
5010-R50B,NCS,,#867182,
5010-R70B,NCS,,#776f86,
5010-R90B,NCS,,#6b7486,
5010-Y10R,NCS,,#868171,
5010-Y30R,NCS,,#867d6f,
5010-Y50R,NCS,,#86776d,
5010-Y70R,NCS,,#86716a,
5010-Y90R,NCS,,#866a68,
5020-B,NCS,,#5c7686,
5020-B10G,NCS,,#5e7c86,
5020-B30G,NCS,,#608286,
5020-B50G,NCS,,#618685,
5020-B70G,NCS,,#5f8680,
5020-B90G,NCS,,#5a8672,
5020-G,NCS,,#578669,
5020-G10Y,NCS,,#638665,
5020-G30Y,NCS,,#73865f,
5020-G50Y,NCS,,#7d865e,
5020-G70Y,NCS,,#848661,
5020-G90Y,NCS,,#868260,
5020-R,NCS,,#864e52,
5020-R10B,NCS,,#865057,
5020-R20B,NCS,,#86525d,
5020-R30B,NCS,,#865565,
5020-R40B,NCS,,#865970,
5020-R50B,NCS,,#865f7e,
5020-R60B,NCS,,#795d86,
5020-R70B,NCS,,#6b5d86,
5020-R80B,NCS,,#525b86,
5020-R90B,NCS,,#556586,
5020-Y,NCS,,#86805f,
5020-Y10R,NCS,,#867d5e,
5020-Y20R,NCS,,#86795c,
5020-Y30R,NCS,,#86755b,
5020-Y40R,NCS,,#867059,
5020-Y50R,NCS,,#866b58,
5020-Y60R,NCS,,#866656,
5020-Y70R,NCS,,#866154,
5020-Y80R,NCS,,#865b52,
5020-Y90R,NCS,,#865551,
5030-B,NCS,,#4b7086,
5030-B10G,NCS,,#4d7786,
5030-B30G,NCS,,#508186,
5030-B50G,NCS,,#518684,
5030-B70G,NCS,,#4f867e,
5030-B90G,NCS,,#49866b,
5030-G,NCS,,#45865f,
5030-G10Y,NCS,,#568658,
5030-G30Y,NCS,,#6b864f,
5030-G50Y,NCS,,#79864d,
5030-G70Y,NCS,,#838651,
5030-G90Y,NCS,,#868150,
5030-R,NCS,,#863c41,
5030-R10B,NCS,,#863e47,
5030-R20B,NCS,,#86404e,
5030-R30B,NCS,,#864459,
5030-R40B,NCS,,#864867,
5030-R50B,NCS,,#864e7b,
5030-R60B,NCS,,#734c86,
5030-R70B,NCS,,#614d86,
5030-R80B,NCS,,#404d86,
5030-R90B,NCS,,#445a86,
5030-Y,NCS,,#867e4f,
5030-Y10R,NCS,,#86794d,
5030-Y20R,NCS,,#86734c,
5030-Y30R,NCS,,#866e4a,
5030-Y40R,NCS,,#866848,
5030-Y50R,NCS,,#866146,
5030-Y60R,NCS,,#865b44,
5030-Y70R,NCS,,#865342,
5030-Y80R,NCS,,#864c40,
5030-Y90R,NCS,,#864440,
5040-B,NCS,,#3c6a86,
5040-B10G,NCS,,#3e7486,
5040-B20G,NCS,,#407a86,
5040-B30G,NCS,,#418086,
5040-B40G,NCS,,#428486,
5040-B50G,NCS,,#428684,
5040-B60G,NCS,,#418680,
5040-B70G,NCS,,#40867c,
5040-B80G,NCS,,#3f8676,
5040-B90G,NCS,,#3a8664,
5040-G,NCS,,#378656,
5040-G10Y,NCS,,#4b864d,
5040-G20Y,NCS,,#598646,
5040-G30Y,NCS,,#648641,
5040-G40Y,NCS,,#6e863d,
5040-G50Y,NCS,,#76863f,
5040-G60Y,NCS,,#7c8640,
5040-G70Y,NCS,,#838642,
5040-G80Y,NCS,,#868442,
5040-G90Y,NCS,,#867f41,
5040-R,NCS,,#862e34,
5040-R10B,NCS,,#86303a,
5040-R20B,NCS,,#863243,
5040-R30B,NCS,,#86354f,
5040-R40B,NCS,,#863960,
5040-R50B,NCS,,#863f78,
5040-R60B,NCS,,#6f3d86,
5040-R70B,NCS,,#583f86,
5040-R80B,NCS,,#324186,
5040-R90B,NCS,,#355086,
5040-Y,NCS,,#867c40,
5040-Y10R,NCS,,#86753f,
5040-Y20R,NCS,,#866f3d,
5040-Y30R,NCS,,#86683b,
5040-Y40R,NCS,,#866039,
5040-Y50R,NCS,,#865937,
5040-Y60R,NCS,,#865135,
5040-Y70R,NCS,,#864933,
5040-Y80R,NCS,,#864031,
5040-Y90R,NCS,,#863732,
5045-B10G,NCS,,#377286,
5500-N,NCS,,#727272,
5502-B,NCS,,#747779,
5502-G,NCS,,#747976,
5502-R,NCS,,#797272,
5502-Y,NCS,,#797875,
5540-B,NCS,,#366079,
5540-B10G,NCS,,#386879,
5540-B20G,NCS,,#396e79,
5540-B30G,NCS,,#3b7379,
5540-B40G,NCS,,#3c7779,
5540-B50G,NCS,,#3c7977,
5540-B80G,NCS,,#38796a,
5540-B90G,NCS,,#34795a,
5540-G,NCS,,#31794d,
5540-G10Y,NCS,,#437945,
5540-G20Y,NCS,,#50793f,
5540-G30Y,NCS,,#5a793b,
5540-G40Y,NCS,,#637937,
5540-G50Y,NCS,,#6a7938,
5540-G60Y,NCS,,#70793a,
5540-G70Y,NCS,,#76793b,
5540-R70B,NCS,,#4f3979,
5540-R90B,NCS,,#304879,
5540-Y90R,NCS,,#79322d,
6000-N,NCS,,#666666,
6005-B20G,NCS,,#636a6b,
6005-B80G,NCS,,#626b69,
6005-G20Y,NCS,,#656b63,
6005-G50Y,NCS,,#696b62,
6005-G80Y,NCS,,#6b6b63,
6005-R20B,NCS,,#6b5f61,
6005-R50B,NCS,,#6b636a,
6005-R80B,NCS,,#5f616b,
6005-Y20R,NCS,,#6b6862,
6005-Y50R,NCS,,#6b6560,
6005-Y80R,NCS,,#6b615e,
6010-B10G,NCS,,#5a676b,
6010-B30G,NCS,,#5b6a6b,
6010-B50G,NCS,,#5c6b6b,
6010-B70G,NCS,,#5b6b69,
6010-B90G,NCS,,#586b63,
6010-G10Y,NCS,,#5c6b5d,
6010-G30Y,NCS,,#636b5a,
6010-G50Y,NCS,,#676b5a,
6010-G70Y,NCS,,#6a6b5c,
6010-G90Y,NCS,,#6b6a5b,
6010-R10B,NCS,,#6b5356,
6010-R30B,NCS,,#6b565c,
6010-R50B,NCS,,#6b5a68,
6010-R70B,NCS,,#5f596b,
6010-R90B,NCS,,#565d6b,
6010-Y10R,NCS,,#6b675a,
6010-Y30R,NCS,,#6b6459,
6010-Y50R,NCS,,#6b5f57,
6010-Y70R,NCS,,#6b5a55,
6010-Y90R,NCS,,#6b5553,
6020-B,NCS,,#495e6b,
6020-B10G,NCS,,#4b636b,
6020-B30G,NCS,,#4d686b,
6020-B50G,NCS,,#4d6b6a,
6020-B70G,NCS,,#4c6b67,
6020-B90G,NCS,,#486b5b,
6020-G,NCS,,#456b54,
6020-G10Y,NCS,,#4f6b51,
6020-G30Y,NCS,,#5c6b4c,
6020-G50Y,NCS,,#646b4b,
6020-G70Y,NCS,,#6a6b4d,
6020-G90Y,NCS,,#6b684d,
6020-R,NCS,,#6b3f42,
6020-R10B,NCS,,#6b4045,
6020-R20B,NCS,,#6b424a,
6020-R30B,NCS,,#6b4451,
6020-R40B,NCS,,#6b4759,
6020-R50B,NCS,,#6b4c65,
6020-R60B,NCS,,#614a6b,
6020-R70B,NCS,,#564a6b,
6020-R80B,NCS,,#41496b,
6020-R90B,NCS,,#44516b,
6020-Y,NCS,,#6b674c,
6020-Y10R,NCS,,#6b644b,
6020-Y20R,NCS,,#6b614a,
6020-Y30R,NCS,,#6b5d49,
6020-Y40R,NCS,,#6b5a47,
6020-Y50R,NCS,,#6b5646,
6020-Y60R,NCS,,#6b5245,
6020-Y70R,NCS,,#6b4d43,
6020-Y80R,NCS,,#6b4841,
6020-Y90R,NCS,,#6b4441,
6030-B,NCS,,#3c596b,
6030-B10G,NCS,,#3e606b,
6030-B30G,NCS,,#40676b,
6030-B50G,NCS,,#416b6a,
6030-B70G,NCS,,#3f6b65,
6030-B90G,NCS,,#3a6b55,
6030-G,NCS,,#376b4c,
6030-G10Y,NCS,,#456b46,
6030-G30Y,NCS,,#566b3f,
6030-G50Y,NCS,,#616b3e,
6030-G70Y,NCS,,#696b40,
6030-G90Y,NCS,,#6b6740,
6030-R,NCS,,#6b3034,
6030-R10B,NCS,,#6b3239,
6030-R20B,NCS,,#6b343f,
6030-R30B,NCS,,#6b3647,
6030-R40B,NCS,,#6b3a52,
6030-R50B,NCS,,#6b3e63,
6030-R60B,NCS,,#5c3d6b,
6030-R70B,NCS,,#4d3d6b,
6030-R80B,NCS,,#333d6b,
6030-R90B,NCS,,#36486b,
6030-Y,NCS,,#6b653f,
6030-Y10R,NCS,,#6b613e,
6030-Y20R,NCS,,#6b5c3d,
6030-Y30R,NCS,,#6b583b,
6030-Y40R,NCS,,#6b533a,
6030-Y50R,NCS,,#6b4e38,
6030-Y60R,NCS,,#6b4836,
6030-Y70R,NCS,,#6b4335,
6030-Y80R,NCS,,#6b3d33,
6030-Y90R,NCS,,#6b3733,
6035-B60G,NCS,,#3a6b67,
6500-N,NCS,,#595959,
6502-B,NCS,,#5a5d5e,
6502-G,NCS,,#5a5e5b,
6502-R,NCS,,#5e5959,
6502-Y,NCS,,#5e5d5b,
6530-B30G,NCS,,#385a5e,
6530-B50G,NCS,,#395e5d,
6530-G10Y,NCS,,#3c5e3e,
6530-G50Y,NCS,,#555e36,
7000-N,NCS,,#4c4c4c,
7005-B20G,NCS,,#4a4f50,
7005-B80G,NCS,,#4a504f,
7005-G20Y,NCS,,#4c504a,
7005-G50Y,NCS,,#4f504a,
7005-G80Y,NCS,,#50504a,
7005-R20B,NCS,,#504749,
7005-R50B,NCS,,#504a4f,
7005-R80B,NCS,,#474950,
7005-Y20R,NCS,,#504e4a,
7005-Y50R,NCS,,#504c48,
7005-Y80R,NCS,,#504947,
7010-B10G,NCS,,#434d50,
7010-B30G,NCS,,#444f50,
7010-B50G,NCS,,#455050,
7010-B70G,NCS,,#44504f,
7010-B90G,NCS,,#42504a,
7010-G10Y,NCS,,#455046,
7010-G30Y,NCS,,#4a5044,
7010-G50Y,NCS,,#4e5044,
7010-G70Y,NCS,,#505045,
7010-G90Y,NCS,,#504f44,
7010-R10B,NCS,,#503e40,
7010-R30B,NCS,,#504045,
7010-R50B,NCS,,#50444e,
7010-R70B,NCS,,#484350,
7010-R90B,NCS,,#404650,
7010-Y10R,NCS,,#504d44,
7010-Y30R,NCS,,#504b42,
7010-Y50R,NCS,,#504841,
7010-Y70R,NCS,,#50443f,
7010-Y90R,NCS,,#503f3e,
7020-B,NCS,,#374750,
7020-B10G,NCS,,#384a50,
7020-B30G,NCS,,#3a4e50,
7020-B50G,NCS,,#3a5050,
7020-B70G,NCS,,#39504d,
7020-B90G,NCS,,#365045,
7020-G,NCS,,#34503f,
7020-G10Y,NCS,,#3c503c,
7020-G30Y,NCS,,#455039,
7020-G50Y,NCS,,#4b5038,
7020-G70Y,NCS,,#4f503a,
7020-G90Y,NCS,,#504e3a,
7020-R,NCS,,#502f31,
7020-R10B,NCS,,#503034,
7020-R20B,NCS,,#503138,
7020-R30B,NCS,,#50333c,
7020-R40B,NCS,,#503543,
7020-R50B,NCS,,#50394c,
7020-R60B,NCS,,#483750,
7020-R70B,NCS,,#403750,
7020-R80B,NCS,,#313750,
7020-R90B,NCS,,#333d50,
7020-Y,NCS,,#504d39,
7020-Y10R,NCS,,#504b38,
7020-Y20R,NCS,,#504837,
7020-Y30R,NCS,,#504637,
7020-Y40R,NCS,,#504336,
7020-Y50R,NCS,,#504035,
7020-Y60R,NCS,,#503d33,
7020-Y70R,NCS,,#503a32,
7020-Y80R,NCS,,#503631,
7020-Y90R,NCS,,#503331,
7500-N,NCS,,#3f3f3f,
7502-B,NCS,,#414243,
7502-G,NCS,,#404341,
7502-R,NCS,,#433f40,
7502-Y,NCS,,#434341,
8000-N,NCS,,#323232,
8005-B20G,NCS,,#313536,
8005-B80G,NCS,,#313635,
8005-G20Y,NCS,,#333632,
8005-G50Y,NCS,,#353631,
8005-G80Y,NCS,,#363632,
8005-R20B,NCS,,#362f31,
8005-R50B,NCS,,#363135,
8005-R80B,NCS,,#2f3036,
8005-Y20R,NCS,,#363431,
8005-Y50R,NCS,,#363330,
8005-Y80R,NCS,,#36302f,
8010-B10G,NCS,,#2d3336,
8010-B30G,NCS,,#2e3536,
8010-B50G,NCS,,#2e3635,
8010-B70G,NCS,,#2d3634,
8010-B90G,NCS,,#2c3631,
8010-G10Y,NCS,,#2e362e,
8010-G30Y,NCS,,#31362d,
8010-G50Y,NCS,,#34362d,
8010-G70Y,NCS,,#35362e,
8010-G90Y,NCS,,#36352e,
8010-R10B,NCS,,#36292b,
8010-R30B,NCS,,#362b2e,
8010-R50B,NCS,,#362d34,
8010-R70B,NCS,,#302d36,
8010-R90B,NCS,,#2b2e36,
8010-Y10R,NCS,,#36342d,
8010-Y30R,NCS,,#36322c,
8010-Y50R,NCS,,#36302b,
8010-Y70R,NCS,,#362d2a,
8010-Y90R,NCS,,#362a2a,
8500-N,NCS,,#262626,
8502-B,NCS,,#272828,
8502-G,NCS,,#272827,
8502-R,NCS,,#282626,
8502-Y,NCS,,#282827,
8505-B20G,NCS,,#252828,
8505-B80G,NCS,,#252828,
8505-G20Y,NCS,,#262825,
8505-G80Y,NCS,,#282825,
8505-R20B,NCS,,#282425,
8505-R80B,NCS,,#242428,
8505-Y20R,NCS,,#282725,
8505-Y80R,NCS,,#282423,
